user,session_info
62,2022-07-05 18:16:19 (item: 14126) -> 2022-07-05 18:16:36 (item: 13948.0)
167,2022-08-11 00:02:11 (item: 15312) -> 2022-08-11 00:02:33 (item: 16981.0)
219,2022-07-30 13:12:58 (item: 11059) -> 2022-07-30 13:13:26 (item: 6812.0)
399,2022-09-05 06:30:32 (item: 19515) -> 2022-09-05 06:30:47 (item: 3637.0)
654,2022-09-10 04:58:46 (item: 17778) -> 2022-09-10 04:59:13 (item: 11819.0)
678,2022-08-02 12:24:39 (item: 18361) -> 2022-08-02 12:25:04 (item: 13447.0)
681,2022-09-02 02:45:26 (item: 5707) -> 2022-09-02 02:45:54 (item: 4593.0)
698,2022-09-12 08:20:11 (item: 13324) -> 2022-09-12 08:20:22 (item: 17210.0)
1261,2022-06-29 11:17:04 (item: 11097) -> 2022-06-29 11:17:25 (item: 873.0)
1736,2022-08-10 14:35:57 (item: 5756) -> 2022-08-10 14:36:17 (item: 17466.0)
1779,2022-06-08 12:00:19 (item: 17668) -> 2022-06-08 12:00:38 (item: 18216.0)
1855,2022-07-06 15:24:52 (item: 12653) -> 2022-07-06 15:25:21 (item: 17415.0)
1965,2022-08-08 15:32:04 (item: 7477) -> 2022-08-08 15:32:16 (item: 5025.0)
1965,2022-08-08 15:32:16 (item: 5025) -> 2022-08-08 15:32:41 (item: 2535.0)
1965,2022-08-08 15:33:33 (item: 3385) -> 2022-08-08 15:33:45 (item: 18867.0)
2123,2022-08-24 06:43:42 (item: 10275) -> 2022-08-24 06:43:53 (item: 15851.0)
2431,2022-05-05 00:15:39 (item: 9648) -> 2022-05-05 00:15:58 (item: 10576.0)
2431,2022-06-16 00:47:28 (item: 6810) -> 2022-06-16 00:47:50 (item: 3325.0)
2439,2022-08-20 13:40:12 (item: 11825) -> 2022-08-20 13:40:27 (item: 1921.0)
2476,2022-08-26 08:20:29 (item: 11584) -> 2022-08-26 08:20:58 (item: 16077.0)
2492,2022-08-25 08:18:16 (item: 2451) -> 2022-08-25 08:18:38 (item: 19572.0)
2710,2022-08-10 03:22:25 (item: 8603) -> 2022-08-10 03:22:48 (item: 4043.0)
2710,2022-08-10 03:22:48 (item: 4043) -> 2022-08-10 03:23:05 (item: 11596.0)
2725,2022-08-29 02:54:37 (item: 1846) -> 2022-08-29 02:54:59 (item: 7607.0)
2823,2022-08-28 03:49:14 (item: 15881) -> 2022-08-28 03:49:37 (item: 1846.0)
2828,2022-09-08 09:26:14 (item: 8324) -> 2022-09-08 09:26:24 (item: 2702.0)
2870,2022-08-17 05:09:03 (item: 15816) -> 2022-08-17 05:09:19 (item: 12254.0)
2896,2022-05-22 15:47:54 (item: 3497) -> 2022-05-22 15:48:23 (item: 9906.0)
2921,2022-07-19 14:05:50 (item: 15530) -> 2022-07-19 14:06:02 (item: 15775.0)
3013,2022-07-26 07:52:45 (item: 8281) -> 2022-07-26 07:53:08 (item: 11878.0)
3112,2022-06-06 05:23:34 (item: 7568) -> 2022-06-06 05:23:49 (item: 7200.0)
3204,2022-08-31 00:09:19 (item: 10167) -> 2022-08-31 00:09:40 (item: 680.0)
3291,2022-07-02 03:10:29 (item: 10322) -> 2022-07-02 03:10:41 (item: 8430.0)
3775,2022-08-08 01:42:38 (item: 17959) -> 2022-08-08 01:42:57 (item: 13072.0)
4223,2022-06-18 12:45:19 (item: 3266) -> 2022-06-18 12:45:30 (item: 1653.0)
4614,2022-08-30 09:20:09 (item: 15826) -> 2022-08-30 09:20:37 (item: 2188.0)
4857,2022-09-05 04:05:47 (item: 4138) -> 2022-09-05 04:06:02 (item: 7962.0)
5174,2022-09-01 15:13:47 (item: 185) -> 2022-09-01 15:14:14 (item: 7191.0)
5202,2022-09-03 03:31:56 (item: 10512) -> 2022-09-03 03:32:13 (item: 4625.0)
5306,2022-04-28 13:52:43 (item: 6920) -> 2022-04-28 13:53:00 (item: 1488.0)
5404,2022-09-05 05:04:58 (item: 684) -> 2022-09-05 05:05:26 (item: 5446.0)
5440,2022-08-14 01:56:36 (item: 9350) -> 2022-08-14 01:56:53 (item: 365.0)
5584,2022-08-29 04:43:33 (item: 2859) -> 2022-08-29 04:43:56 (item: 10348.0)
5596,2022-06-12 17:08:57 (item: 12588) -> 2022-06-12 17:09:19 (item: 2699.0)
5615,2022-09-01 16:02:14 (item: 14466) -> 2022-09-01 16:02:33 (item: 13577.0)
5615,2022-09-10 16:25:59 (item: 2929) -> 2022-09-10 16:26:11 (item: 7495.0)
5615,2022-09-10 16:26:11 (item: 7495) -> 2022-09-10 16:26:25 (item: 15376.0)
5756,2022-08-10 11:15:41 (item: 11813) -> 2022-08-10 11:15:53 (item: 5083.0)
5811,2022-06-17 04:59:56 (item: 11386) -> 2022-06-17 05:00:12 (item: 18552.0)
5883,2022-08-15 11:09:41 (item: 6539) -> 2022-08-15 11:09:53 (item: 3260.0)
5914,2022-07-23 03:38:47 (item: 5570) -> 2022-07-23 03:39:00 (item: 17432.0)
6612,2022-07-12 12:03:48 (item: 8308) -> 2022-07-12 12:04:16 (item: 11510.0)
6626,2022-06-23 05:51:11 (item: 3787) -> 2022-06-23 05:51:39 (item: 16608.0)
6694,2022-08-18 05:50:41 (item: 4601) -> 2022-08-18 05:51:09 (item: 15376.0)
6885,2022-08-26 12:46:45 (item: 7149) -> 2022-08-26 12:47:02 (item: 10419.0)
6900,2022-08-08 05:08:11 (item: 3022) -> 2022-08-08 05:08:33 (item: 4397.0)
6931,2022-07-29 14:43:37 (item: 2111) -> 2022-07-29 14:44:06 (item: 8446.0)
6951,2022-08-27 03:07:35 (item: 15666) -> 2022-08-27 03:07:46 (item: 10271.0)
7184,2022-07-19 10:02:57 (item: 13577) -> 2022-07-19 10:03:23 (item: 2701.0)
7184,2022-07-19 10:03:23 (item: 2701) -> 2022-07-19 10:03:40 (item: 13140.0)
7401,2022-07-10 00:52:22 (item: 4438) -> 2022-07-10 00:52:39 (item: 4801.0)
7452,2022-08-17 15:06:13 (item: 4381) -> 2022-08-17 15:06:29 (item: 14616.0)
7477,2022-08-28 03:12:42 (item: 15881) -> 2022-08-28 03:13:06 (item: 13232.0)
7526,2022-08-14 03:11:07 (item: 16255) -> 2022-08-14 03:11:31 (item: 57.0)
7598,2022-07-05 08:52:49 (item: 11097) -> 2022-07-05 08:53:13 (item: 8710.0)
7626,2022-08-03 08:27:10 (item: 13812) -> 2022-08-03 08:27:27 (item: 10357.0)
7785,2022-08-26 10:06:11 (item: 1719) -> 2022-08-26 10:06:26 (item: 12133.0)
8009,2022-07-28 07:37:20 (item: 14773) -> 2022-07-28 07:37:39 (item: 6377.0)
8335,2022-08-01 02:36:20 (item: 3493) -> 2022-08-01 02:36:33 (item: 15978.0)
8442,2022-06-27 03:28:04 (item: 11097) -> 2022-06-27 03:28:28 (item: 8710.0)
8442,2022-07-05 04:05:40 (item: 13296) -> 2022-07-05 04:06:00 (item: 11984.0)
8448,2022-08-08 12:21:00 (item: 16981) -> 2022-08-08 12:21:25 (item: 13072.0)
8460,2022-08-02 10:47:53 (item: 13447) -> 2022-08-02 10:48:21 (item: 6245.0)
8560,2022-07-14 05:23:16 (item: 11642) -> 2022-07-14 05:23:36 (item: 15530.0)
8562,2022-08-28 11:56:52 (item: 14034) -> 2022-08-28 11:57:15 (item: 18746.0)
8590,2022-08-24 13:56:12 (item: 8959) -> 2022-08-24 13:56:23 (item: 16513.0)
8610,2022-09-05 16:09:12 (item: 17450) -> 2022-09-05 16:09:38 (item: 17406.0)
8685,2022-07-24 18:10:57 (item: 7220) -> 2022-07-24 18:11:16 (item: 11813.0)
8685,2022-07-24 18:11:16 (item: 11813) -> 2022-07-24 18:11:30 (item: 5083.0)
8764,2022-06-18 01:22:44 (item: 11997) -> 2022-06-18 01:22:58 (item: 4837.0)
8805,2022-08-12 13:49:11 (item: 6593) -> 2022-08-12 13:49:33 (item: 2567.0)
8864,2022-07-20 16:35:38 (item: 16199) -> 2022-07-20 16:35:57 (item: 17834.0)
9368,2022-08-24 01:12:24 (item: 7638) -> 2022-08-24 01:12:41 (item: 9388.0)
9402,2022-09-03 04:56:53 (item: 19283) -> 2022-09-03 04:57:15 (item: 10314.0)
9554,2022-07-08 13:33:52 (item: 9139) -> 2022-07-08 13:34:21 (item: 11068.0)
9778,2022-07-19 12:55:03 (item: 5406) -> 2022-07-19 12:55:14 (item: 2053.0)
9788,2022-07-12 09:13:05 (item: 10529) -> 2022-07-12 09:13:17 (item: 12120.0)
9788,2022-07-12 09:13:17 (item: 12120) -> 2022-07-12 09:13:40 (item: 12824.0)
9810,2022-06-27 19:32:53 (item: 873) -> 2022-06-27 19:33:04 (item: 17383.0)
9993,2022-09-10 02:44:11 (item: 776) -> 2022-09-10 02:44:23 (item: 11437.0)
10001,2022-09-07 13:42:54 (item: 1523) -> 2022-09-07 13:43:23 (item: 12073.0)
10225,2022-08-30 08:32:24 (item: 14156) -> 2022-08-30 08:32:50 (item: 953.0)
10282,2022-08-18 13:17:32 (item: 57) -> 2022-08-18 13:17:47 (item: 13358.0)
10440,2022-08-29 23:01:59 (item: 4619) -> 2022-08-29 23:02:28 (item: 11274.0)
10580,2022-08-10 15:37:56 (item: 17318) -> 2022-08-10 15:38:21 (item: 18143.0)
10580,2022-08-24 01:47:09 (item: 8484) -> 2022-08-24 01:47:28 (item: 17456.0)
10598,2022-08-11 17:29:23 (item: 2081) -> 2022-08-11 17:29:33 (item: 5979.0)
10784,2022-07-25 04:53:02 (item: 7586) -> 2022-07-25 04:53:19 (item: 6004.0)
10787,2022-09-01 09:38:55 (item: 3443) -> 2022-09-01 09:39:19 (item: 11744.0)
10817,2022-08-27 06:19:59 (item: 12211) -> 2022-08-27 06:20:22 (item: 15632.0)
10817,2022-08-27 06:20:22 (item: 15632) -> 2022-08-27 06:20:35 (item: 19621.0)
10861,2022-06-27 11:18:22 (item: 873) -> 2022-06-27 11:18:34 (item: 17383.0)
10903,2022-08-02 13:04:48 (item: 19656) -> 2022-08-02 13:04:58 (item: 8756.0)
10903,2022-08-02 13:04:58 (item: 8756) -> 2022-08-02 13:05:14 (item: 8998.0)
10946,2022-07-30 01:56:02 (item: 2898) -> 2022-07-30 01:56:26 (item: 17884.0)
11064,2022-08-09 17:16:47 (item: 3392) -> 2022-08-09 17:17:08 (item: 3924.0)
11077,2022-07-21 10:34:33 (item: 10088) -> 2022-07-21 10:34:49 (item: 9972.0)
11077,2022-07-21 10:34:55 (item: 4030) -> 2022-07-21 10:35:06 (item: 15122.0)
11077,2022-07-21 10:35:06 (item: 15122) -> 2022-07-21 10:35:21 (item: 1424.0)
11299,2022-07-04 06:28:10 (item: 3504) -> 2022-07-04 06:28:38 (item: 14933.0)
11333,2022-07-17 15:16:09 (item: 15136) -> 2022-07-17 15:16:37 (item: 3115.0)
11476,2022-08-01 04:47:51 (item: 9707) -> 2022-08-01 04:48:19 (item: 11811.0)
11511,2022-06-24 15:26:02 (item: 11027) -> 2022-06-24 15:26:30 (item: 9560.0)
11622,2022-09-05 05:04:29 (item: 10583) -> 2022-09-05 05:04:47 (item: 18385.0)
11637,2022-03-28 12:20:21 (item: 18938) -> 2022-03-28 12:20:47 (item: 6948.0)
11751,2022-08-27 23:36:03 (item: 9512) -> 2022-08-27 23:36:19 (item: 16077.0)
11812,2022-05-30 10:43:43 (item: 1086) -> 2022-05-30 10:44:07 (item: 13010.0)
11812,2022-05-30 10:44:07 (item: 13010) -> 2022-05-30 10:44:19 (item: 12264.0)
11885,2022-08-21 15:02:36 (item: 1996) -> 2022-08-21 15:03:04 (item: 4072.0)
12095,2022-08-22 10:50:44 (item: 9906) -> 2022-08-22 10:51:06 (item: 6016.0)
12127,2022-08-07 13:07:25 (item: 18361) -> 2022-08-07 13:07:55 (item: 3612.0)
12140,2022-08-05 03:30:37 (item: 19364) -> 2022-08-05 03:30:49 (item: 5012.0)
12184,2022-07-26 01:50:09 (item: 16170) -> 2022-07-26 01:50:25 (item: 2657.0)
12224,2022-09-02 08:50:56 (item: 15881) -> 2022-09-02 08:51:15 (item: 7607.0)
12224,2022-09-10 05:48:37 (item: 12327) -> 2022-09-10 05:48:58 (item: 3614.0)
12370,2022-08-20 06:06:36 (item: 4123) -> 2022-08-20 06:07:05 (item: 9779.0)
12451,2022-08-23 07:15:21 (item: 14373) -> 2022-08-23 07:15:34 (item: 4273.0)
12459,2022-05-03 05:33:49 (item: 520) -> 2022-05-03 05:34:10 (item: 495.0)
12491,2022-07-27 22:46:36 (item: 19216) -> 2022-07-27 22:46:55 (item: 7375.0)
12505,2022-08-20 07:46:25 (item: 19717) -> 2022-08-20 07:46:39 (item: 9416.0)
12529,2022-08-15 14:51:27 (item: 10867) -> 2022-08-15 14:51:38 (item: 16230.0)
12548,2022-08-15 15:43:12 (item: 14025) -> 2022-08-15 15:43:30 (item: 17718.0)
12651,2022-06-17 09:26:28 (item: 16025) -> 2022-06-17 09:26:48 (item: 9058.0)
12683,2022-07-04 05:13:15 (item: 17375) -> 2022-07-04 05:13:31 (item: 1289.0)
12969,2022-08-23 01:49:42 (item: 10684) -> 2022-08-23 01:50:01 (item: 10749.0)
12971,2022-07-11 22:39:11 (item: 11904) -> 2022-07-11 22:39:27 (item: 12945.0)
13042,2022-07-04 08:22:10 (item: 5426) -> 2022-07-04 08:22:39 (item: 16468.0)
13042,2022-07-05 01:57:27 (item: 13805) -> 2022-07-05 01:57:52 (item: 1469.0)
13350,2022-08-22 10:24:08 (item: 421) -> 2022-08-22 10:24:34 (item: 16057.0)
13356,2022-06-27 22:37:32 (item: 11097) -> 2022-06-27 22:37:56 (item: 8710.0)
13356,2022-08-16 02:17:30 (item: 3260) -> 2022-08-16 02:17:46 (item: 6539.0)
13445,2022-04-30 13:10:30 (item: 8249) -> 2022-04-30 13:10:58 (item: 6920.0)
13492,2022-08-14 19:08:01 (item: 11585) -> 2022-08-14 19:08:25 (item: 11304.0)
13665,2022-08-23 07:53:12 (item: 13904) -> 2022-08-23 07:53:26 (item: 4618.0)
13972,2022-08-30 12:41:38 (item: 3551) -> 2022-08-30 12:41:50 (item: 373.0)
13986,2022-04-29 13:32:26 (item: 414) -> 2022-04-29 13:32:49 (item: 15531.0)
14035,2022-08-03 03:21:35 (item: 108) -> 2022-08-03 03:21:48 (item: 8730.0)
14035,2022-08-03 03:21:48 (item: 8730) -> 2022-08-03 03:22:11 (item: 13483.0)
14035,2022-08-03 03:22:11 (item: 13483) -> 2022-08-03 03:22:25 (item: 12675.0)
14035,2022-08-03 03:22:25 (item: 12675) -> 2022-08-03 03:22:48 (item: 9540.0)
14065,2022-07-21 10:31:49 (item: 17441) -> 2022-07-21 10:32:07 (item: 10663.0)
14078,2022-09-07 01:37:38 (item: 1648) -> 2022-09-07 01:37:51 (item: 4818.0)
14229,2022-08-14 01:20:14 (item: 5716) -> 2022-08-14 01:20:41 (item: 4264.0)
14256,2022-07-16 08:40:07 (item: 8629) -> 2022-07-16 08:40:19 (item: 18121.0)
14464,2022-06-27 04:39:22 (item: 1797) -> 2022-06-27 04:39:36 (item: 8541.0)
14566,2022-07-27 06:55:52 (item: 5601) -> 2022-07-27 06:56:10 (item: 5386.0)
14652,2022-08-13 02:09:19 (item: 8053) -> 2022-08-13 02:09:33 (item: 14091.0)
14758,2022-07-04 01:15:53 (item: 12331) -> 2022-07-04 01:16:14 (item: 19708.0)
14768,2022-08-31 22:42:59 (item: 4018) -> 2022-08-31 22:43:23 (item: 5595.0)
14829,2022-07-08 02:16:49 (item: 15572) -> 2022-07-08 02:17:15 (item: 17534.0)
14989,2022-08-16 12:54:00 (item: 14575) -> 2022-08-16 12:54:26 (item: 8049.0)
15037,2022-09-08 18:03:20 (item: 3828) -> 2022-09-08 18:03:33 (item: 10712.0)
15061,2022-08-27 12:07:04 (item: 10602) -> 2022-08-27 12:07:19 (item: 10694.0)
15066,2022-08-08 08:02:13 (item: 16868) -> 2022-08-08 08:02:24 (item: 6149.0)
15083,2022-09-03 02:36:28 (item: 835) -> 2022-09-03 02:36:47 (item: 12537.0)
15176,2022-08-31 07:26:57 (item: 2111) -> 2022-08-31 07:27:13 (item: 12174.0)
15601,2022-08-21 17:05:58 (item: 16077) -> 2022-08-21 17:06:22 (item: 9512.0)
15652,2022-08-27 01:26:05 (item: 1728) -> 2022-08-27 01:26:27 (item: 12921.0)
15673,2022-06-30 15:46:50 (item: 7448) -> 2022-06-30 15:47:01 (item: 3137.0)
15765,2022-09-09 02:05:52 (item: 13057) -> 2022-09-09 02:06:13 (item: 5899.0)
15824,2022-04-21 09:35:19 (item: 11838) -> 2022-04-21 09:35:45 (item: 17758.0)
15928,2022-09-03 14:47:58 (item: 2775) -> 2022-09-03 14:48:16 (item: 9756.0)
16043,2022-08-25 16:14:44 (item: 10684) -> 2022-08-25 16:15:01 (item: 18907.0)
16278,2022-08-15 04:25:52 (item: 6539) -> 2022-08-15 04:26:16 (item: 3260.0)
16315,2022-07-27 17:56:28 (item: 108) -> 2022-07-27 17:56:40 (item: 17267.0)
16339,2022-07-19 16:36:31 (item: 12840) -> 2022-07-19 16:36:52 (item: 8017.0)
16546,2022-07-19 12:51:28 (item: 3175) -> 2022-07-19 12:51:54 (item: 19038.0)
16620,2022-08-28 05:47:46 (item: 4596) -> 2022-08-28 05:48:01 (item: 6392.0)
16651,2022-03-13 07:16:59 (item: 858) -> 2022-03-13 07:17:10 (item: 10910.0)
16718,2022-08-06 05:23:08 (item: 18910) -> 2022-08-06 05:23:31 (item: 13605.0)
16825,2022-07-11 20:21:21 (item: 17534) -> 2022-07-11 20:21:36 (item: 1740.0)
16967,2022-04-27 07:08:29 (item: 9180) -> 2022-04-27 07:08:42 (item: 9607.0)
16975,2022-08-04 03:06:15 (item: 6868) -> 2022-08-04 03:06:41 (item: 1926.0)
17021,2022-07-06 04:33:18 (item: 14032) -> 2022-07-06 04:33:39 (item: 10238.0)
17389,2022-06-29 15:27:13 (item: 17295) -> 2022-06-29 15:27:25 (item: 18484.0)
17500,2022-09-03 15:14:26 (item: 1363) -> 2022-09-03 15:14:52 (item: 3312.0)
17622,2022-06-17 10:40:09 (item: 9058) -> 2022-06-17 10:40:25 (item: 16025.0)
17690,2022-09-09 15:25:51 (item: 11498) -> 2022-09-09 15:26:21 (item: 16808.0)
17799,2022-07-31 04:27:55 (item: 12479) -> 2022-07-31 04:28:11 (item: 9091.0)
17907,2022-08-15 13:15:48 (item: 6370) -> 2022-08-15 13:16:06 (item: 2320.0)
17942,2022-09-09 15:25:10 (item: 7552) -> 2022-09-09 15:25:24 (item: 5958.0)
17950,2022-08-24 02:39:18 (item: 5619) -> 2022-08-24 02:39:30 (item: 15931.0)
17958,2022-07-31 10:14:30 (item: 12479) -> 2022-07-31 10:14:43 (item: 13447.0)
18040,2022-07-30 03:16:09 (item: 13577) -> 2022-07-30 03:16:23 (item: 2701.0)
18040,2022-07-30 03:16:23 (item: 2701) -> 2022-07-30 03:16:34 (item: 13140.0)
18090,2022-09-05 02:05:08 (item: 12754) -> 2022-09-05 02:05:22 (item: 16279.0)
18241,2022-08-14 07:49:56 (item: 4053) -> 2022-08-14 07:50:17 (item: 15484.0)
18336,2022-08-09 02:52:35 (item: 5621) -> 2022-08-09 02:52:50 (item: 11068.0)
18355,2022-08-06 05:48:12 (item: 1070) -> 2022-08-06 05:48:40 (item: 14116.0)
18497,2022-08-18 08:47:53 (item: 6073) -> 2022-08-18 08:48:10 (item: 5666.0)
18746,2022-08-19 01:51:53 (item: 4149) -> 2022-08-19 01:52:23 (item: 12944.0)
18746,2022-09-07 23:54:53 (item: 10112) -> 2022-09-07 23:55:19 (item: 8447.0)
18887,2022-07-18 05:11:11 (item: 13402) -> 2022-07-18 05:11:22 (item: 14578.0)
18887,2022-07-26 00:05:26 (item: 8041) -> 2022-07-26 00:05:54 (item: 12546.0)
18887,2022-08-03 22:57:55 (item: 8093) -> 2022-08-03 22:58:17 (item: 9400.0)
18915,2022-07-30 06:27:41 (item: 15121) -> 2022-07-30 06:28:10 (item: 247.0)
19254,2022-07-05 01:51:51 (item: 2888) -> 2022-07-05 01:52:09 (item: 12408.0)
19341,2022-08-21 23:45:26 (item: 12254) -> 2022-08-21 23:45:41 (item: 14179.0)
19391,2022-06-24 22:23:01 (item: 14507) -> 2022-06-24 22:23:24 (item: 5601.0)
19459,2022-08-13 12:37:31 (item: 10606) -> 2022-08-13 12:37:47 (item: 11018.0)
19463,2022-08-13 16:26:48 (item: 716) -> 2022-08-13 16:27:11 (item: 14884.0)
19480,2022-08-03 03:04:13 (item: 9694) -> 2022-08-03 03:04:38 (item: 508.0)
19806,2022-07-19 15:58:26 (item: 8446) -> 2022-07-19 15:58:43 (item: 2111.0)
19818,2022-09-05 07:36:55 (item: 6916) -> 2022-09-05 07:37:13 (item: 809.0)
19997,2022-06-25 08:07:57 (item: 18012) -> 2022-06-25 08:08:13 (item: 93.0)
20081,2022-08-15 04:16:01 (item: 6539) -> 2022-08-15 04:16:27 (item: 3260.0)
20220,2022-06-15 17:55:35 (item: 6810) -> 2022-06-15 17:55:56 (item: 3325.0)
20220,2022-08-15 18:16:59 (item: 16255) -> 2022-08-15 18:17:22 (item: 6539.0)
20220,2022-08-21 18:20:47 (item: 17456) -> 2022-08-21 18:21:07 (item: 14536.0)
20356,2022-08-20 09:12:48 (item: 15405) -> 2022-08-20 09:13:09 (item: 17405.0)
20438,2022-06-25 08:14:30 (item: 12038) -> 2022-06-25 08:14:53 (item: 10522.0)
20505,2022-08-19 05:18:47 (item: 3515) -> 2022-08-19 05:19:05 (item: 7451.0)
20515,2022-06-22 04:38:30 (item: 13010) -> 2022-06-22 04:38:54 (item: 12264.0)
20578,2022-09-03 01:48:31 (item: 5962) -> 2022-09-03 01:48:55 (item: 7607.0)
20584,2022-08-10 14:07:34 (item: 15736) -> 2022-08-10 14:07:44 (item: 12282.0)
20608,2022-07-22 01:13:05 (item: 12991) -> 2022-07-22 01:13:23 (item: 7184.0)
20781,2022-08-29 14:52:10 (item: 4951) -> 2022-08-29 14:52:21 (item: 13348.0)
20803,2022-08-26 02:13:08 (item: 2025) -> 2022-08-26 02:13:36 (item: 13492.0)
20814,2022-07-07 13:32:59 (item: 5430) -> 2022-07-07 13:33:14 (item: 11868.0)
20839,2022-04-21 04:38:27 (item: 10944) -> 2022-04-21 04:38:46 (item: 3987.0)
20839,2022-04-21 04:39:16 (item: 16803) -> 2022-04-21 04:39:28 (item: 3463.0)
20868,2022-08-23 09:42:51 (item: 7034) -> 2022-08-23 09:43:19 (item: 10144.0)
20922,2022-07-13 12:10:33 (item: 6288) -> 2022-07-13 12:10:48 (item: 4890.0)
21024,2022-09-09 23:13:55 (item: 19355) -> 2022-09-09 23:14:16 (item: 10653.0)
21090,2022-08-05 01:11:07 (item: 812) -> 2022-08-05 01:11:33 (item: 11770.0)
21123,2022-09-10 20:52:26 (item: 14433) -> 2022-09-10 20:52:40 (item: 11889.0)
21434,2022-07-08 14:09:32 (item: 16944) -> 2022-07-08 14:09:57 (item: 15984.0)
21630,2022-07-05 08:47:19 (item: 5349) -> 2022-07-05 08:47:36 (item: 4415.0)
21730,2022-09-11 13:52:05 (item: 194) -> 2022-09-11 13:52:17 (item: 3930.0)
21988,2022-07-17 07:08:10 (item: 1401) -> 2022-07-17 07:08:25 (item: 1697.0)
22117,2022-07-26 01:53:08 (item: 6967) -> 2022-07-26 01:53:21 (item: 12979.0)
22383,2022-08-03 10:12:34 (item: 6502) -> 2022-08-03 10:13:02 (item: 7107.0)
22423,2022-08-26 14:43:30 (item: 421) -> 2022-08-26 14:44:00 (item: 16057.0)
22504,2022-09-10 13:25:19 (item: 11948) -> 2022-09-10 13:25:37 (item: 17567.0)
22646,2022-08-25 04:27:02 (item: 13232) -> 2022-08-25 04:27:20 (item: 16077.0)
22786,2022-07-22 00:58:05 (item: 7549) -> 2022-07-22 00:58:32 (item: 1339.0)
22957,2022-08-25 23:27:31 (item: 8341) -> 2022-08-25 23:27:46 (item: 18981.0)
22960,2022-09-01 15:01:09 (item: 5789) -> 2022-09-01 15:01:32 (item: 13035.0)
23024,2022-08-25 15:01:53 (item: 1879) -> 2022-08-25 15:02:17 (item: 5678.0)
23418,2022-09-04 12:40:09 (item: 2884) -> 2022-09-04 12:40:36 (item: 2399.0)
23579,2022-08-26 08:44:30 (item: 1277) -> 2022-08-26 08:44:46 (item: 19610.0)
23741,2022-08-09 03:42:20 (item: 12179) -> 2022-08-09 03:42:48 (item: 15720.0)
23768,2022-06-28 12:00:07 (item: 9219) -> 2022-06-28 12:00:29 (item: 2413.0)
23772,2022-09-06 13:39:24 (item: 10570) -> 2022-09-06 13:39:36 (item: 215.0)
24103,2022-09-10 17:22:34 (item: 2209) -> 2022-09-10 17:22:58 (item: 16221.0)
24256,2022-07-05 01:15:49 (item: 4340) -> 2022-07-05 01:16:06 (item: 13405.0)
24366,2022-08-01 07:43:36 (item: 18867) -> 2022-08-01 07:44:04 (item: 11811.0)
24397,2022-08-15 13:46:42 (item: 6539) -> 2022-08-15 13:47:10 (item: 3260.0)
24424,2022-06-27 17:51:42 (item: 11097) -> 2022-06-27 17:52:06 (item: 8710.0)
24473,2022-08-14 07:04:18 (item: 15152) -> 2022-08-14 07:04:33 (item: 5262.0)
24561,2022-08-22 09:35:40 (item: 11949) -> 2022-08-22 09:36:04 (item: 14417.0)
24687,2022-08-08 01:53:43 (item: 16981) -> 2022-08-08 01:54:12 (item: 18143.0)
24824,2022-08-10 03:39:48 (item: 3022) -> 2022-08-10 03:40:07 (item: 812.0)
24824,2022-08-10 03:41:06 (item: 2923) -> 2022-08-10 03:41:26 (item: 18830.0)
24857,2022-08-08 01:26:44 (item: 67) -> 2022-08-08 01:27:00 (item: 9869.0)
25001,2022-07-24 09:45:04 (item: 2111) -> 2022-07-24 09:45:21 (item: 12174.0)
25084,2022-09-05 08:18:15 (item: 17178) -> 2022-09-05 08:18:38 (item: 8080.0)
25085,2022-08-11 22:48:45 (item: 12884) -> 2022-08-11 22:49:01 (item: 13622.0)
25118,2022-08-01 02:03:27 (item: 1227) -> 2022-08-01 02:03:40 (item: 9305.0)
25209,2022-09-07 00:21:19 (item: 535) -> 2022-09-07 00:21:47 (item: 14199.0)
25315,2022-08-28 05:56:24 (item: 1691) -> 2022-08-28 05:56:39 (item: 13521.0)
25351,2022-09-09 11:40:05 (item: 3614) -> 2022-09-09 11:40:22 (item: 11920.0)
25361,2022-09-02 23:18:48 (item: 8266) -> 2022-09-02 23:18:59 (item: 5238.0)
25447,2022-08-16 01:33:03 (item: 3260) -> 2022-08-16 01:33:17 (item: 6539.0)
25533,2022-06-15 00:16:49 (item: 8197) -> 2022-06-15 00:17:06 (item: 14987.0)
25588,2022-07-23 04:48:22 (item: 8683) -> 2022-07-23 04:48:48 (item: 13233.0)
25588,2022-07-27 11:22:15 (item: 7611) -> 2022-07-27 11:22:33 (item: 10717.0)
25683,2022-07-15 14:19:14 (item: 17831) -> 2022-07-15 14:19:35 (item: 11910.0)
25695,2022-09-12 04:39:00 (item: 19569) -> 2022-09-12 04:39:28 (item: 13231.0)
25839,2022-07-05 11:49:38 (item: 9139) -> 2022-07-05 11:49:53 (item: 13296.0)
25841,2022-08-12 08:48:22 (item: 19422) -> 2022-08-12 08:48:39 (item: 7831.0)
25954,2022-08-23 16:48:34 (item: 12684) -> 2022-08-23 16:48:52 (item: 4611.0)
26049,2022-07-18 03:21:24 (item: 673) -> 2022-07-18 03:21:34 (item: 6271.0)
26049,2022-07-19 14:29:02 (item: 15104) -> 2022-07-19 14:29:16 (item: 11304.0)
26255,2022-08-27 07:28:35 (item: 11384) -> 2022-08-27 07:28:47 (item: 18915.0)
26307,2022-09-08 04:05:47 (item: 1777) -> 2022-09-08 04:06:16 (item: 2698.0)
26316,2022-09-05 23:53:18 (item: 2659) -> 2022-09-05 23:53:35 (item: 983.0)
26360,2022-07-10 16:02:33 (item: 6460) -> 2022-07-10 16:03:01 (item: 10220.0)
26370,2022-08-28 19:29:48 (item: 2470) -> 2022-08-28 19:30:01 (item: 2393.0)
26412,2022-07-10 02:51:33 (item: 113) -> 2022-07-10 02:51:47 (item: 12067.0)
26412,2022-07-10 02:51:47 (item: 12067) -> 2022-07-10 02:51:57 (item: 15491.0)
26477,2022-05-29 13:05:41 (item: 11350) -> 2022-05-29 13:06:09 (item: 19171.0)
26537,2022-09-02 13:26:15 (item: 6300) -> 2022-09-02 13:26:29 (item: 13600.0)
26672,2022-08-26 15:17:59 (item: 8527) -> 2022-08-26 15:18:10 (item: 4939.0)
26791,2022-03-28 08:57:31 (item: 16117) -> 2022-03-28 08:58:01 (item: 16650.0)
26814,2022-09-03 17:20:30 (item: 16428) -> 2022-09-03 17:20:54 (item: 449.0)
26854,2022-08-23 17:26:59 (item: 18770) -> 2022-08-23 17:27:25 (item: 19572.0)
26885,2022-08-22 04:28:02 (item: 19271) -> 2022-08-22 04:28:19 (item: 18517.0)
26954,2022-06-17 16:23:20 (item: 11449) -> 2022-06-17 16:23:41 (item: 1178.0)
27074,2022-08-15 06:58:36 (item: 6539) -> 2022-08-15 06:58:54 (item: 3260.0)
27079,2022-09-03 02:24:25 (item: 4023) -> 2022-09-03 02:24:47 (item: 10508.0)
27278,2022-08-26 02:25:27 (item: 9178) -> 2022-08-26 02:25:43 (item: 14166.0)
27509,2022-08-15 09:34:34 (item: 16255) -> 2022-08-15 09:34:58 (item: 57.0)
27542,2022-06-20 12:25:44 (item: 5937) -> 2022-06-20 12:26:05 (item: 580.0)
27624,2022-07-29 06:31:57 (item: 11436) -> 2022-07-29 06:32:22 (item: 17243.0)
27775,2022-05-16 09:04:45 (item: 1086) -> 2022-05-16 09:05:00 (item: 13010.0)
27775,2022-05-16 09:07:15 (item: 5297) -> 2022-05-16 09:07:37 (item: 18313.0)
27782,2022-08-15 05:55:59 (item: 3260) -> 2022-08-15 05:56:28 (item: 6539.0)
27814,2022-08-01 10:53:46 (item: 11731) -> 2022-08-01 10:54:09 (item: 7388.0)
27955,2022-08-27 13:10:09 (item: 10187) -> 2022-08-27 13:10:32 (item: 5837.0)
28045,2022-08-28 14:46:02 (item: 14536) -> 2022-08-28 14:46:22 (item: 15881.0)
28317,2022-07-30 03:10:11 (item: 9380) -> 2022-07-30 03:10:26 (item: 12042.0)
28317,2022-09-05 15:43:38 (item: 15628) -> 2022-09-05 15:44:01 (item: 8420.0)
28524,2022-09-03 17:53:09 (item: 8324) -> 2022-09-03 17:53:30 (item: 18013.0)
28571,2022-08-15 02:05:43 (item: 2006) -> 2022-08-15 02:06:00 (item: 8754.0)
28652,2022-06-30 05:23:13 (item: 1572) -> 2022-06-30 05:23:36 (item: 10265.0)
28730,2022-08-15 13:17:28 (item: 15848) -> 2022-08-15 13:17:39 (item: 8430.0)
28751,2022-06-16 04:54:44 (item: 17114) -> 2022-06-16 04:55:00 (item: 6810.0)
28908,2022-07-13 07:51:51 (item: 16832) -> 2022-07-13 07:52:10 (item: 13777.0)
28979,2022-07-13 07:53:06 (item: 2209) -> 2022-07-13 07:53:25 (item: 19315.0)
29019,2022-06-27 13:45:32 (item: 12352) -> 2022-06-27 13:45:59 (item: 17383.0)
29054,2022-07-24 10:11:23 (item: 18203) -> 2022-07-24 10:11:50 (item: 7410.0)
29164,2022-06-28 11:14:33 (item: 450) -> 2022-06-28 11:15:00 (item: 12359.0)
29225,2022-07-27 08:55:26 (item: 15293) -> 2022-07-27 08:55:44 (item: 10034.0)
29234,2022-07-13 07:40:18 (item: 14232) -> 2022-07-13 07:40:31 (item: 15933.0)
29308,2022-07-25 04:45:41 (item: 6004) -> 2022-07-25 04:46:00 (item: 7586.0)
29309,2022-08-26 01:12:13 (item: 9634) -> 2022-08-26 01:12:39 (item: 17090.0)
29348,2022-05-21 09:50:33 (item: 9692) -> 2022-05-21 09:50:53 (item: 10616.0)
29542,2022-09-11 12:17:03 (item: 19236) -> 2022-09-11 12:17:23 (item: 13101.0)
29771,2022-09-10 14:09:19 (item: 14682) -> 2022-09-10 14:09:48 (item: 8832.0)
29795,2022-08-25 08:11:13 (item: 10660) -> 2022-08-25 08:11:42 (item: 19114.0)
29953,2022-07-13 01:48:00 (item: 14897) -> 2022-07-13 01:48:24 (item: 7414.0)
30051,2022-08-11 07:40:49 (item: 6242) -> 2022-08-11 07:41:02 (item: 3715.0)
30217,2022-06-11 11:01:33 (item: 14068) -> 2022-06-11 11:01:48 (item: 4507.0)
30253,2022-08-23 06:25:06 (item: 4244) -> 2022-08-23 06:25:34 (item: 2402.0)
30283,2022-08-23 13:40:29 (item: 950) -> 2022-08-23 13:40:39 (item: 6470.0)
30291,2022-07-20 12:45:31 (item: 12878) -> 2022-07-20 12:45:43 (item: 7751.0)
30291,2022-07-20 12:45:48 (item: 15525) -> 2022-07-20 12:45:59 (item: 19557.0)
30306,2022-08-31 09:37:58 (item: 7902) -> 2022-08-31 09:38:16 (item: 8086.0)
30396,2022-07-16 15:57:31 (item: 7586) -> 2022-07-16 15:57:47 (item: 15530.0)
30446,2022-05-05 16:10:12 (item: 6920) -> 2022-05-05 16:10:24 (item: 3268.0)
30642,2022-09-10 15:23:56 (item: 17778) -> 2022-09-10 15:24:16 (item: 19569.0)
30703,2022-05-09 14:07:08 (item: 520) -> 2022-05-09 14:07:36 (item: 495.0)
30847,2022-07-23 14:10:29 (item: 11866) -> 2022-07-23 14:10:45 (item: 12303.0)
30932,2022-08-26 04:02:31 (item: 11881) -> 2022-08-26 04:02:56 (item: 19501.0)
31226,2022-08-22 00:49:51 (item: 17122) -> 2022-08-22 00:50:13 (item: 6539.0)
31322,2022-09-08 11:29:35 (item: 10732) -> 2022-09-08 11:29:51 (item: 9231.0)
31415,2022-06-22 09:32:36 (item: 9871) -> 2022-06-22 09:32:57 (item: 7211.0)
31415,2022-06-22 09:32:57 (item: 7211) -> 2022-06-22 09:33:08 (item: 16499.0)
31415,2022-06-22 09:33:08 (item: 16499) -> 2022-06-22 09:33:29 (item: 6492.0)
31510,2022-09-08 23:29:47 (item: 7600) -> 2022-09-08 23:30:00 (item: 5319.0)
31542,2022-07-19 01:54:05 (item: 15775) -> 2022-07-19 01:54:33 (item: 9203.0)
31542,2022-08-15 11:24:18 (item: 3260) -> 2022-08-15 11:24:31 (item: 6539.0)
31545,2022-09-12 05:33:14 (item: 9596) -> 2022-09-12 05:33:42 (item: 17946.0)
31637,2022-07-28 11:22:17 (item: 12645) -> 2022-07-28 11:22:28 (item: 1823.0)
31637,2022-07-28 11:22:28 (item: 1823) -> 2022-07-28 11:22:43 (item: 10988.0)
31637,2022-07-28 11:22:48 (item: 19505) -> 2022-07-28 11:23:14 (item: 8075.0)
31780,2022-08-25 02:05:50 (item: 8266) -> 2022-08-25 02:06:06 (item: 5238.0)
32043,2022-08-28 06:56:35 (item: 15854) -> 2022-08-28 06:56:56 (item: 10804.0)
32089,2022-07-05 13:09:59 (item: 16886) -> 2022-07-05 13:10:26 (item: 9139.0)
32251,2022-08-17 00:31:29 (item: 17121) -> 2022-08-17 00:31:50 (item: 4000.0)
32253,2022-06-26 15:33:36 (item: 7816) -> 2022-06-26 15:33:47 (item: 2835.0)
32303,2022-07-20 12:16:55 (item: 11495) -> 2022-07-20 12:17:15 (item: 2450.0)
32472,2022-04-08 13:10:29 (item: 8941) -> 2022-04-08 13:10:41 (item: 17442.0)
32520,2022-07-30 13:16:55 (item: 11631) -> 2022-07-30 13:17:10 (item: 13630.0)
32707,2022-08-02 10:32:50 (item: 21) -> 2022-08-02 10:33:00 (item: 1666.0)
32792,2022-06-24 02:33:17 (item: 4516) -> 2022-06-24 02:33:29 (item: 13281.0)
32827,2022-05-02 07:38:35 (item: 5297) -> 2022-05-02 07:38:56 (item: 18313.0)
32827,2022-05-02 07:42:38 (item: 5438) -> 2022-05-02 07:43:01 (item: 2405.0)
32934,2022-07-09 10:16:36 (item: 1170) -> 2022-07-09 10:16:47 (item: 18682.0)
33512,2022-07-15 08:17:49 (item: 12352) -> 2022-07-15 08:18:00 (item: 8442.0)
33540,2022-07-23 12:48:52 (item: 14716) -> 2022-07-23 12:49:12 (item: 2879.0)
33649,2022-04-28 15:56:11 (item: 4020) -> 2022-04-28 15:56:27 (item: 2035.0)
33746,2022-08-28 03:30:01 (item: 15881) -> 2022-08-28 03:30:29 (item: 1846.0)
34469,2022-08-28 06:47:23 (item: 14681) -> 2022-08-28 06:47:33 (item: 8554.0)
34474,2022-07-15 01:07:53 (item: 10907) -> 2022-07-15 01:08:04 (item: 9921.0)
34479,2022-08-06 00:41:18 (item: 3978) -> 2022-08-06 00:41:28 (item: 9905.0)
34536,2022-08-24 06:26:10 (item: 12237) -> 2022-08-24 06:26:30 (item: 13151.0)
34630,2022-08-26 10:27:38 (item: 7861) -> 2022-08-26 10:28:07 (item: 5719.0)
34819,2022-07-04 08:18:31 (item: 15620) -> 2022-07-04 08:18:58 (item: 9435.0)
35139,2022-07-02 16:58:29 (item: 450) -> 2022-07-02 16:58:41 (item: 12359.0)
35293,2022-09-04 10:32:09 (item: 7917) -> 2022-09-04 10:32:34 (item: 890.0)
35299,2022-08-18 09:45:27 (item: 4258) -> 2022-08-18 09:45:52 (item: 9779.0)
35418,2022-07-16 23:05:44 (item: 674) -> 2022-07-16 23:05:55 (item: 9324.0)
35612,2022-06-18 02:22:16 (item: 8352) -> 2022-06-18 02:22:41 (item: 7200.0)
35756,2022-08-16 02:29:27 (item: 6539) -> 2022-08-16 02:29:50 (item: 3260.0)
35784,2022-07-26 04:44:15 (item: 4297) -> 2022-07-26 04:44:30 (item: 13130.0)
35811,2022-07-16 05:45:44 (item: 14926) -> 2022-07-16 05:46:09 (item: 14918.0)
35813,2022-08-19 03:38:29 (item: 3260) -> 2022-08-19 03:38:44 (item: 17122.0)
35911,2022-09-04 09:31:54 (item: 6271) -> 2022-09-04 09:32:09 (item: 6716.0)
35981,2022-08-21 16:15:42 (item: 19536) -> 2022-08-21 16:15:52 (item: 13139.0)
36180,2022-09-03 10:11:54 (item: 19038) -> 2022-09-03 10:12:04 (item: 2753.0)
36191,2022-07-29 08:46:54 (item: 14672) -> 2022-07-29 08:47:19 (item: 1450.0)
36280,2022-06-12 07:33:19 (item: 19548) -> 2022-06-12 07:33:45 (item: 4223.0)
36442,2022-04-22 23:01:01 (item: 2035) -> 2022-04-22 23:01:28 (item: 11095.0)
36702,2022-08-10 05:12:05 (item: 2256) -> 2022-08-10 05:12:32 (item: 2553.0)
36814,2022-08-21 09:50:37 (item: 2192) -> 2022-08-21 09:50:58 (item: 16397.0)
36814,2022-08-21 09:50:58 (item: 16397) -> 2022-08-21 09:51:27 (item: 246.0)
36912,2022-09-07 14:02:12 (item: 1352) -> 2022-09-07 14:02:30 (item: 8793.0)
36919,2022-05-27 23:16:51 (item: 5201) -> 2022-05-27 23:17:09 (item: 11164.0)
36934,2022-08-10 01:37:35 (item: 1573) -> 2022-08-10 01:37:48 (item: 6494.0)
37074,2022-07-07 06:03:40 (item: 220) -> 2022-07-07 06:04:01 (item: 11827.0)
37179,2022-08-16 09:50:53 (item: 11601) -> 2022-08-16 09:51:18 (item: 12573.0)
37190,2022-05-03 07:26:38 (item: 13914) -> 2022-05-03 07:26:53 (item: 4561.0)
37268,2022-08-29 12:58:15 (item: 432) -> 2022-08-29 12:58:35 (item: 835.0)
37610,2022-07-21 14:13:19 (item: 2391) -> 2022-07-21 14:13:42 (item: 9886.0)
37783,2022-09-02 10:32:55 (item: 19563) -> 2022-09-02 10:33:19 (item: 3606.0)
37848,2022-06-03 11:05:07 (item: 17228) -> 2022-06-03 11:05:36 (item: 2392.0)
37952,2022-09-01 13:16:44 (item: 25) -> 2022-09-01 13:17:04 (item: 958.0)
38014,2022-08-16 16:19:13 (item: 12567) -> 2022-08-16 16:19:37 (item: 1327.0)
38079,2022-07-16 02:37:10 (item: 19421) -> 2022-07-16 02:37:32 (item: 2871.0)
38156,2022-09-08 14:57:27 (item: 11889) -> 2022-09-08 14:57:53 (item: 17151.0)
38170,2022-08-30 08:28:37 (item: 3338) -> 2022-08-30 08:29:00 (item: 13187.0)
38279,2022-09-10 03:05:15 (item: 3759) -> 2022-09-10 03:05:36 (item: 2969.0)
38365,2022-08-30 09:38:45 (item: 7252) -> 2022-08-30 09:38:57 (item: 6729.0)
38675,2022-08-02 02:00:50 (item: 5612) -> 2022-08-02 02:01:04 (item: 3688.0)
38728,2022-07-20 22:29:09 (item: 17823) -> 2022-07-20 22:29:22 (item: 6935.0)
38728,2022-07-20 22:29:22 (item: 6935) -> 2022-07-20 22:29:42 (item: 11495.0)
38817,2022-07-19 16:23:16 (item: 11878) -> 2022-07-19 16:23:31 (item: 2255.0)
38965,2022-06-15 17:05:33 (item: 6810) -> 2022-06-15 17:05:54 (item: 3325.0)
38991,2022-07-19 00:38:52 (item: 5613) -> 2022-07-19 00:39:11 (item: 10860.0)
39024,2022-09-05 11:47:50 (item: 1846) -> 2022-09-05 11:48:11 (item: 680.0)
39338,2022-07-11 14:37:11 (item: 4695) -> 2022-07-11 14:37:30 (item: 13140.0)
39707,2022-09-04 00:58:27 (item: 4134) -> 2022-09-04 00:58:44 (item: 13086.0)
39779,2022-07-29 05:01:20 (item: 14573) -> 2022-07-29 05:01:47 (item: 3554.0)
39779,2022-07-31 09:44:30 (item: 10767) -> 2022-07-31 09:44:45 (item: 7576.0)
39779,2022-08-03 04:33:03 (item: 5228) -> 2022-08-03 04:33:14 (item: 15133.0)
39779,2022-08-09 08:45:45 (item: 15824) -> 2022-08-09 08:45:58 (item: 11946.0)
39779,2022-08-15 10:55:42 (item: 16441) -> 2022-08-15 10:55:54 (item: 10697.0)
39779,2022-09-02 01:55:43 (item: 3124) -> 2022-09-02 01:56:00 (item: 4580.0)
39779,2022-09-06 01:09:33 (item: 15872) -> 2022-09-06 01:09:46 (item: 12508.0)
39779,2022-09-06 01:09:46 (item: 12508) -> 2022-09-06 01:10:04 (item: 18783.0)
39783,2022-08-15 14:22:47 (item: 8276) -> 2022-08-15 14:23:15 (item: 10235.0)
39783,2022-08-17 23:50:13 (item: 16372) -> 2022-08-17 23:50:32 (item: 16723.0)
39783,2022-08-18 03:52:40 (item: 16511) -> 2022-08-18 03:53:09 (item: 9718.0)
40011,2022-08-26 23:13:57 (item: 7659) -> 2022-08-26 23:14:18 (item: 17670.0)
40011,2022-08-29 20:37:46 (item: 5615) -> 2022-08-29 20:37:56 (item: 19734.0)
40038,2022-08-15 16:41:50 (item: 3611) -> 2022-08-15 16:42:03 (item: 13931.0)
40050,2022-07-05 09:57:18 (item: 4415) -> 2022-07-05 09:57:43 (item: 5349.0)
40126,2022-08-06 08:12:22 (item: 15036) -> 2022-08-06 08:12:50 (item: 14907.0)
40288,2022-08-26 06:22:24 (item: 12331) -> 2022-08-26 06:22:45 (item: 2859.0)
40311,2022-07-20 16:11:06 (item: 8446) -> 2022-07-20 16:11:21 (item: 2111.0)
40500,2022-08-24 23:34:35 (item: 4601) -> 2022-08-24 23:34:46 (item: 11285.0)
40594,2022-08-09 15:23:02 (item: 1233) -> 2022-08-09 15:23:29 (item: 4101.0)
40636,2022-07-27 03:24:58 (item: 7521) -> 2022-07-27 03:25:21 (item: 16825.0)
40821,2022-08-19 12:30:35 (item: 19422) -> 2022-08-19 12:30:51 (item: 7831.0)
40971,2022-07-21 17:31:07 (item: 2081) -> 2022-07-21 17:31:31 (item: 11934.0)
41297,2022-07-29 12:57:53 (item: 16285) -> 2022-07-29 12:58:06 (item: 7410.0)
41297,2022-07-29 12:58:06 (item: 7410) -> 2022-07-29 12:58:22 (item: 18554.0)
41297,2022-07-29 12:58:22 (item: 18554) -> 2022-07-29 12:58:33 (item: 246.0)
41446,2022-08-08 11:45:22 (item: 14045) -> 2022-08-08 11:45:42 (item: 8719.0)
41458,2022-07-05 04:20:50 (item: 7413) -> 2022-07-05 04:21:04 (item: 11180.0)
41478,2022-09-09 10:01:56 (item: 12084) -> 2022-09-09 10:02:17 (item: 9684.0)
41649,2022-07-27 12:26:23 (item: 6245) -> 2022-07-27 12:26:40 (item: 3385.0)
41710,2022-09-10 09:16:30 (item: 19175) -> 2022-09-10 09:16:52 (item: 2698.0)
42005,2022-07-27 04:05:51 (item: 1928) -> 2022-07-27 04:06:02 (item: 8722.0)
42029,2022-08-14 22:42:12 (item: 8927) -> 2022-08-14 22:42:29 (item: 2885.0)
42307,2022-09-10 08:27:14 (item: 1365) -> 2022-09-10 08:27:30 (item: 3259.0)
42546,2022-08-15 15:58:33 (item: 6539) -> 2022-08-15 15:58:56 (item: 3260.0)
42783,2022-08-13 03:16:12 (item: 4904) -> 2022-08-13 03:16:32 (item: 27.0)
42812,2022-07-29 08:22:50 (item: 6344) -> 2022-07-29 08:23:04 (item: 2392.0)
42812,2022-07-31 15:56:52 (item: 5135) -> 2022-07-31 15:57:09 (item: 17422.0)
42860,2022-08-20 13:11:09 (item: 12630) -> 2022-08-20 13:11:37 (item: 57.0)
42860,2022-08-20 13:11:37 (item: 57) -> 2022-08-20 13:12:00 (item: 13358.0)
42927,2022-07-11 11:56:38 (item: 13948) -> 2022-07-11 11:56:59 (item: 6490.0)
43019,2022-08-08 01:23:34 (item: 16981) -> 2022-08-08 01:24:03 (item: 18143.0)
43395,2022-07-12 08:26:19 (item: 12710) -> 2022-07-12 08:26:46 (item: 9058.0)
43642,2022-09-10 14:12:56 (item: 15363) -> 2022-09-10 14:13:13 (item: 776.0)
43869,2022-08-24 04:22:25 (item: 5416) -> 2022-08-24 04:22:36 (item: 18229.0)
43979,2022-08-03 10:57:32 (item: 7964) -> 2022-08-03 10:57:53 (item: 8785.0)
44000,2022-08-27 16:22:12 (item: 4939) -> 2022-08-27 16:22:31 (item: 6729.0)
44002,2022-08-16 15:05:30 (item: 3115) -> 2022-08-16 15:05:48 (item: 8794.0)
44020,2022-09-02 17:08:06 (item: 2111) -> 2022-09-02 17:08:25 (item: 15104.0)
44139,2022-08-12 09:35:13 (item: 11585) -> 2022-08-12 09:35:36 (item: 5338.0)
44269,2022-08-27 23:31:37 (item: 19638) -> 2022-08-27 23:31:52 (item: 14233.0)
44339,2022-08-11 08:27:10 (item: 10717) -> 2022-08-11 08:27:21 (item: 13210.0)
44554,2022-07-31 13:39:38 (item: 4243) -> 2022-07-31 13:39:49 (item: 712.0)
44674,2022-09-05 14:22:24 (item: 6316) -> 2022-09-05 14:22:47 (item: 7828.0)
44721,2022-08-13 09:10:34 (item: 11364) -> 2022-08-13 09:10:54 (item: 13351.0)
44792,2022-08-18 07:35:19 (item: 3050) -> 2022-08-18 07:35:38 (item: 5486.0)
44827,2022-05-05 00:03:15 (item: 13914) -> 2022-05-05 00:03:30 (item: 6573.0)
44994,2022-08-07 19:21:55 (item: 18969) -> 2022-08-07 19:22:07 (item: 10999.0)
45024,2022-07-27 13:57:18 (item: 9909) -> 2022-07-27 13:57:32 (item: 12478.0)
45142,2022-08-23 09:38:58 (item: 2285) -> 2022-08-23 09:39:19 (item: 10530.0)
45283,2022-08-13 16:40:49 (item: 1455) -> 2022-08-13 16:41:01 (item: 1580.0)
45598,2022-09-02 15:19:09 (item: 7607) -> 2022-09-02 15:19:32 (item: 19475.0)
45898,2022-07-24 14:14:20 (item: 13781) -> 2022-07-24 14:14:39 (item: 12082.0)
45927,2022-07-04 01:38:23 (item: 18146) -> 2022-07-04 01:38:47 (item: 9132.0)
45927,2022-07-08 09:13:23 (item: 6490) -> 2022-07-08 09:13:51 (item: 15939.0)
46096,2022-08-19 13:07:28 (item: 6680) -> 2022-08-19 13:07:46 (item: 8018.0)
46103,2022-08-13 14:51:30 (item: 1253) -> 2022-08-13 14:51:58 (item: 15475.0)
46239,2022-07-12 01:09:04 (item: 1740) -> 2022-07-12 01:09:27 (item: 13577.0)
46733,2022-07-10 12:44:21 (item: 13384) -> 2022-07-10 12:44:50 (item: 6380.0)
46781,2022-06-07 18:29:44 (item: 11449) -> 2022-06-07 18:29:59 (item: 6344.0)
46801,2022-08-06 06:47:37 (item: 5916) -> 2022-08-06 06:48:03 (item: 5578.0)
47056,2022-07-04 02:34:14 (item: 14255) -> 2022-07-04 02:34:36 (item: 8907.0)
47300,2022-08-07 23:47:43 (item: 10487) -> 2022-08-07 23:47:55 (item: 14768.0)
47304,2022-07-18 22:42:48 (item: 8784) -> 2022-07-18 22:43:05 (item: 14241.0)
47348,2022-07-01 11:00:11 (item: 11290) -> 2022-07-01 11:00:40 (item: 6634.0)
47433,2022-04-06 09:23:40 (item: 15782) -> 2022-04-06 09:24:07 (item: 11803.0)
47485,2022-07-06 15:53:47 (item: 15525) -> 2022-07-06 15:54:01 (item: 9362.0)
47750,2022-09-06 06:55:49 (item: 12058) -> 2022-09-06 06:56:14 (item: 14575.0)
47814,2022-07-27 00:39:07 (item: 10574) -> 2022-07-27 00:39:26 (item: 7711.0)
47989,2022-08-03 15:16:45 (item: 5338) -> 2022-08-03 15:16:57 (item: 3077.0)
48023,2022-05-24 02:37:27 (item: 2069) -> 2022-05-24 02:37:39 (item: 17444.0)
48433,2022-06-22 15:10:55 (item: 17618) -> 2022-06-22 15:11:14 (item: 1070.0)
48433,2022-07-04 12:28:14 (item: 9062) -> 2022-07-04 12:28:38 (item: 6068.0)
48599,2022-08-06 11:19:11 (item: 8338) -> 2022-08-06 11:19:27 (item: 19123.0)
48704,2022-06-11 03:22:42 (item: 9573) -> 2022-06-11 03:23:11 (item: 9047.0)
48792,2022-07-20 04:51:01 (item: 6938) -> 2022-07-20 04:51:26 (item: 12473.0)
49027,2022-06-26 14:51:46 (item: 3335) -> 2022-06-26 14:52:04 (item: 14408.0)
49108,2022-07-03 06:11:49 (item: 18964) -> 2022-07-03 06:12:17 (item: 86.0)
49108,2022-07-03 06:12:17 (item: 86) -> 2022-07-03 06:12:34 (item: 13632.0)
49549,2022-08-17 01:22:39 (item: 12222) -> 2022-08-17 01:23:04 (item: 15516.0)
49626,2022-08-21 15:24:26 (item: 9329) -> 2022-08-21 15:24:42 (item: 10201.0)
49749,2022-06-04 11:44:00 (item: 1178) -> 2022-06-04 11:44:11 (item: 6344.0)
50012,2022-08-15 04:33:01 (item: 3260) -> 2022-08-15 04:33:20 (item: 6539.0)
50048,2022-08-30 11:28:33 (item: 9589) -> 2022-08-30 11:28:56 (item: 2451.0)
50119,2022-09-11 16:33:50 (item: 8953) -> 2022-09-11 16:34:14 (item: 4708.0)
50155,2022-07-27 08:17:41 (item: 5386) -> 2022-07-27 08:17:56 (item: 5601.0)
50181,2022-09-04 14:41:01 (item: 2567) -> 2022-09-04 14:41:23 (item: 5010.0)
50220,2022-08-18 07:29:23 (item: 17) -> 2022-08-18 07:29:37 (item: 2285.0)
50220,2022-08-18 07:29:37 (item: 2285) -> 2022-08-18 07:29:48 (item: 10530.0)
50582,2022-08-18 10:47:18 (item: 5355) -> 2022-08-18 10:47:38 (item: 13051.0)
50603,2022-07-27 15:55:11 (item: 15757) -> 2022-07-27 15:55:22 (item: 12847.0)
50603,2022-07-27 15:56:51 (item: 8346) -> 2022-07-27 15:57:15 (item: 210.0)
50930,2022-08-19 13:16:41 (item: 9512) -> 2022-08-19 13:17:00 (item: 6539.0)
51006,2022-08-12 19:03:43 (item: 13498) -> 2022-08-12 19:03:55 (item: 5092.0)
51197,2022-09-09 03:12:45 (item: 12298) -> 2022-09-09 03:13:05 (item: 4868.0)
51197,2022-09-10 22:06:41 (item: 6300) -> 2022-09-10 22:06:53 (item: 870.0)
51694,2022-08-29 13:45:16 (item: 1186) -> 2022-08-29 13:45:38 (item: 9449.0)
51881,2022-07-13 10:40:34 (item: 10907) -> 2022-07-13 10:40:50 (item: 19469.0)
51900,2022-09-01 09:34:27 (item: 539) -> 2022-09-01 09:34:55 (item: 7236.0)
52017,2022-09-08 13:26:34 (item: 11437) -> 2022-09-08 13:26:58 (item: 15363.0)
52470,2022-05-04 14:50:43 (item: 9648) -> 2022-05-04 14:50:56 (item: 10576.0)
52470,2022-06-15 11:10:25 (item: 3325) -> 2022-06-15 11:10:36 (item: 6810.0)
52470,2022-08-14 14:06:19 (item: 16255) -> 2022-08-14 14:06:32 (item: 57.0)
52557,2022-08-03 21:57:04 (item: 12289) -> 2022-08-03 21:57:24 (item: 372.0)
52899,2022-09-09 16:00:38 (item: 10206) -> 2022-09-09 16:01:02 (item: 846.0)
52949,2022-07-11 00:45:33 (item: 11068) -> 2022-07-11 00:45:46 (item: 346.0)
52951,2022-07-10 17:30:28 (item: 19316) -> 2022-07-10 17:30:38 (item: 15819.0)
52981,2022-08-24 10:50:51 (item: 520) -> 2022-08-24 10:51:10 (item: 495.0)
52984,2022-07-31 08:54:57 (item: 807) -> 2022-07-31 08:55:22 (item: 3102.0)
53066,2022-09-11 01:44:24 (item: 11617) -> 2022-09-11 01:44:38 (item: 18407.0)
53230,2022-07-10 09:26:33 (item: 15525) -> 2022-07-10 09:26:47 (item: 7751.0)
53235,2022-07-15 01:18:10 (item: 7133) -> 2022-07-15 01:18:36 (item: 2647.0)
53381,2022-08-23 09:35:46 (item: 7034) -> 2022-08-23 09:35:58 (item: 10144.0)
53425,2022-07-01 08:20:17 (item: 5349) -> 2022-07-01 08:20:45 (item: 19110.0)
53480,2022-08-04 15:19:48 (item: 1896) -> 2022-08-04 15:20:02 (item: 16029.0)
53480,2022-08-04 15:21:30 (item: 11630) -> 2022-08-04 15:21:56 (item: 14891.0)
53557,2022-07-21 14:59:14 (item: 1666) -> 2022-07-21 14:59:24 (item: 15104.0)
53557,2022-09-08 15:58:11 (item: 870) -> 2022-09-08 15:58:27 (item: 3431.0)
53646,2022-09-09 13:41:46 (item: 10548) -> 2022-09-09 13:42:04 (item: 1363.0)
53700,2022-09-12 09:54:05 (item: 1783) -> 2022-09-12 09:54:28 (item: 5410.0)
53942,2022-08-11 08:22:11 (item: 14012) -> 2022-08-11 08:22:27 (item: 3022.0)
53942,2022-08-11 08:22:27 (item: 3022) -> 2022-08-11 08:22:43 (item: 4397.0)
54019,2022-07-14 16:05:23 (item: 10462) -> 2022-07-14 16:05:36 (item: 10919.0)
54131,2022-09-10 01:15:54 (item: 4986) -> 2022-09-10 01:16:13 (item: 2099.0)
54634,2022-09-10 16:10:05 (item: 19537) -> 2022-09-10 16:10:28 (item: 19218.0)
55019,2022-08-20 08:15:42 (item: 7440) -> 2022-08-20 08:16:05 (item: 9346.0)
55084,2022-09-03 14:27:07 (item: 7963) -> 2022-09-03 14:27:36 (item: 10475.0)
55197,2022-07-25 18:31:54 (item: 6378) -> 2022-07-25 18:32:18 (item: 8333.0)
55269,2022-07-07 12:42:30 (item: 9972) -> 2022-07-07 12:42:42 (item: 4030.0)
55344,2022-05-23 23:20:57 (item: 19323) -> 2022-05-23 23:21:20 (item: 5810.0)
55467,2022-08-08 16:06:39 (item: 7464) -> 2022-08-08 16:07:07 (item: 8852.0)
55497,2022-07-19 16:51:11 (item: 11642) -> 2022-07-19 16:51:23 (item: 15775.0)
55526,2022-07-25 07:25:34 (item: 2471) -> 2022-07-25 07:26:00 (item: 5700.0)
55545,2022-08-24 12:25:58 (item: 5793) -> 2022-08-24 12:26:08 (item: 9102.0)
55548,2022-05-30 15:38:01 (item: 3030) -> 2022-05-30 15:38:20 (item: 10616.0)
55552,2022-08-30 23:56:42 (item: 13489) -> 2022-08-30 23:56:56 (item: 5629.0)
55552,2022-08-30 23:56:56 (item: 5629) -> 2022-08-30 23:57:11 (item: 1465.0)
55598,2022-08-25 13:08:48 (item: 18958) -> 2022-08-25 13:09:10 (item: 13053.0)
55630,2022-06-11 15:16:54 (item: 14009) -> 2022-06-11 15:17:10 (item: 5074.0)
55783,2022-08-15 18:31:37 (item: 6779) -> 2022-08-15 18:31:48 (item: 9818.0)
55980,2022-07-31 09:32:39 (item: 2078) -> 2022-07-31 09:33:03 (item: 1675.0)
56114,2022-06-23 09:00:14 (item: 16597) -> 2022-06-23 09:00:31 (item: 8974.0)
56322,2022-09-07 15:03:38 (item: 2555) -> 2022-09-07 15:03:53 (item: 19649.0)
57050,2022-09-11 09:06:25 (item: 9384) -> 2022-09-11 09:06:37 (item: 10655.0)
57050,2022-09-11 09:10:44 (item: 7767) -> 2022-09-11 09:11:09 (item: 16759.0)
57073,2022-08-16 01:46:16 (item: 13358) -> 2022-08-16 01:46:39 (item: 13193.0)
57239,2022-08-25 08:08:10 (item: 19638) -> 2022-08-25 08:08:30 (item: 4598.0)
57354,2022-07-04 17:52:58 (item: 12359) -> 2022-07-04 17:53:26 (item: 13753.0)
57793,2022-08-15 04:26:11 (item: 3260) -> 2022-08-15 04:26:30 (item: 6539.0)
58169,2022-07-09 14:54:40 (item: 17996) -> 2022-07-09 14:55:02 (item: 19316.0)
58211,2022-06-15 02:51:45 (item: 3325) -> 2022-06-15 02:51:55 (item: 6810.0)
58211,2022-06-27 01:07:31 (item: 11097) -> 2022-06-27 01:07:55 (item: 8710.0)
58211,2022-07-31 05:41:58 (item: 10084) -> 2022-07-31 05:42:11 (item: 13447.0)
58228,2022-08-16 16:01:41 (item: 8446) -> 2022-08-16 16:01:58 (item: 2111.0)
58228,2022-08-16 16:01:58 (item: 2111) -> 2022-08-16 16:02:19 (item: 12174.0)
58362,2022-06-26 09:16:05 (item: 13730) -> 2022-06-26 09:16:21 (item: 6789.0)
58362,2022-07-04 00:13:13 (item: 5936) -> 2022-07-04 00:13:25 (item: 10524.0)
58362,2022-07-04 01:43:29 (item: 7251) -> 2022-07-04 01:43:54 (item: 12258.0)
58462,2022-08-13 10:02:35 (item: 17518) -> 2022-08-13 10:03:04 (item: 10199.0)
58522,2022-07-10 17:49:08 (item: 7524) -> 2022-07-10 17:49:21 (item: 1115.0)
58522,2022-07-10 17:49:21 (item: 1115) -> 2022-07-10 17:49:35 (item: 6378.0)
58561,2022-08-02 16:35:45 (item: 19576) -> 2022-08-02 16:36:11 (item: 13953.0)
58637,2022-07-30 11:40:44 (item: 1142) -> 2022-07-30 11:41:04 (item: 8453.0)
58690,2022-03-24 12:32:22 (item: 13047) -> 2022-03-24 12:32:42 (item: 14447.0)
58742,2022-09-05 13:23:43 (item: 16285) -> 2022-09-05 13:23:55 (item: 7410.0)
58742,2022-09-05 13:23:55 (item: 7410) -> 2022-09-05 13:24:10 (item: 18554.0)
58769,2022-09-04 03:15:32 (item: 9442) -> 2022-09-04 03:15:43 (item: 7859.0)
58932,2022-08-14 23:19:31 (item: 12487) -> 2022-08-14 23:19:44 (item: 18152.0)
59267,2022-08-29 18:22:44 (item: 16288) -> 2022-08-29 18:23:14 (item: 16058.0)
59267,2022-09-04 10:56:33 (item: 1709) -> 2022-09-04 10:56:43 (item: 241.0)
59461,2022-08-18 08:46:25 (item: 19375) -> 2022-08-18 08:46:53 (item: 472.0)
59509,2022-05-28 15:32:28 (item: 1178) -> 2022-05-28 15:32:41 (item: 6344.0)
59562,2022-07-26 17:00:07 (item: 9961) -> 2022-07-26 17:00:34 (item: 7885.0)
59651,2022-08-16 11:08:01 (item: 3260) -> 2022-08-16 11:08:24 (item: 16981.0)
59732,2022-08-03 04:28:35 (item: 4333) -> 2022-08-03 04:28:50 (item: 15847.0)
59744,2022-08-30 03:24:23 (item: 7479) -> 2022-08-30 03:24:38 (item: 169.0)
59807,2022-07-21 10:43:54 (item: 10088) -> 2022-07-21 10:44:12 (item: 9972.0)
59807,2022-07-21 10:44:24 (item: 15122) -> 2022-07-21 10:44:36 (item: 1424.0)
59807,2022-07-21 10:44:36 (item: 1424) -> 2022-07-21 10:44:59 (item: 11316.0)
59950,2022-08-22 09:49:38 (item: 6806) -> 2022-08-22 09:49:54 (item: 9160.0)
60438,2022-07-26 16:05:15 (item: 5149) -> 2022-07-26 16:05:38 (item: 8852.0)
60498,2022-08-02 17:58:52 (item: 8916) -> 2022-08-02 17:59:04 (item: 19529.0)
60498,2022-08-02 17:59:04 (item: 19529) -> 2022-08-02 17:59:22 (item: 8351.0)
60552,2022-08-10 15:16:44 (item: 16593) -> 2022-08-10 15:16:57 (item: 967.0)
61073,2022-08-03 02:30:41 (item: 12641) -> 2022-08-03 02:31:03 (item: 11493.0)
61700,2022-06-10 09:11:58 (item: 15152) -> 2022-06-10 09:12:24 (item: 5262.0)
61751,2022-06-21 04:05:12 (item: 16723) -> 2022-06-21 04:05:31 (item: 11438.0)
61793,2022-08-11 11:06:26 (item: 13739) -> 2022-08-11 11:06:44 (item: 644.0)
62062,2022-08-16 01:18:05 (item: 3134) -> 2022-08-16 01:18:23 (item: 8996.0)
62108,2022-09-05 16:00:19 (item: 5678) -> 2022-09-05 16:00:46 (item: 6300.0)
62161,2022-04-10 15:21:48 (item: 6948) -> 2022-04-10 15:22:02 (item: 898.0)
62196,2022-07-26 13:34:20 (item: 13849) -> 2022-07-26 13:34:48 (item: 13957.0)
62196,2022-07-26 13:34:53 (item: 2535) -> 2022-07-26 13:35:07 (item: 5025.0)
62775,2022-07-24 05:41:46 (item: 5025) -> 2022-07-24 05:42:06 (item: 12330.0)
63043,2022-09-02 10:02:20 (item: 2183) -> 2022-09-02 10:02:49 (item: 11484.0)
63293,2022-08-27 10:53:00 (item: 3916) -> 2022-08-27 10:53:14 (item: 3753.0)
63383,2022-09-04 05:49:21 (item: 8638) -> 2022-09-04 05:49:47 (item: 680.0)
63490,2022-06-20 12:04:18 (item: 18591) -> 2022-06-20 12:04:33 (item: 18262.0)
63520,2022-08-16 01:23:02 (item: 3260) -> 2022-08-16 01:23:19 (item: 16255.0)
63580,2022-07-07 03:38:33 (item: 12302) -> 2022-07-07 03:38:43 (item: 15562.0)
63816,2022-08-30 07:23:39 (item: 19379) -> 2022-08-30 07:23:50 (item: 12950.0)
63873,2022-07-23 06:41:58 (item: 15139) -> 2022-07-23 06:42:27 (item: 13171.0)
63900,2022-09-09 04:48:57 (item: 11920) -> 2022-09-09 04:49:12 (item: 3614.0)
63988,2022-08-10 03:49:38 (item: 17318) -> 2022-08-10 03:49:50 (item: 17959.0)
64084,2022-09-02 01:35:06 (item: 17824) -> 2022-09-02 01:35:19 (item: 15777.0)
64164,2022-08-11 06:26:37 (item: 11813) -> 2022-08-11 06:26:55 (item: 7220.0)
64219,2022-08-16 17:37:05 (item: 898) -> 2022-08-16 17:37:33 (item: 11092.0)
64219,2022-08-16 17:37:33 (item: 11092) -> 2022-08-16 17:37:55 (item: 18938.0)
64266,2022-09-06 06:54:29 (item: 5946) -> 2022-09-06 06:54:51 (item: 1673.0)
64362,2022-08-14 07:14:46 (item: 57) -> 2022-08-14 07:15:04 (item: 3612.0)
64394,2022-09-10 09:45:01 (item: 13086) -> 2022-09-10 09:45:14 (item: 18248.0)
64436,2022-08-30 18:43:46 (item: 10167) -> 2022-08-30 18:44:06 (item: 680.0)
64490,2022-07-23 12:28:02 (item: 4915) -> 2022-07-23 12:28:24 (item: 11452.0)
64577,2022-09-05 09:18:16 (item: 8638) -> 2022-09-05 09:18:29 (item: 11437.0)
64823,2022-07-26 00:40:59 (item: 18815) -> 2022-07-26 00:41:14 (item: 5589.0)
64964,2022-07-30 06:19:33 (item: 13242) -> 2022-07-30 06:20:01 (item: 18672.0)
65021,2022-06-14 22:51:43 (item: 11445) -> 2022-06-14 22:51:58 (item: 8145.0)
65021,2022-06-14 22:51:58 (item: 8145) -> 2022-06-14 22:52:24 (item: 14987.0)
65095,2022-06-15 13:43:55 (item: 3325) -> 2022-06-15 13:44:21 (item: 2606.0)
65253,2022-07-23 01:23:56 (item: 4030) -> 2022-07-23 01:24:11 (item: 9972.0)
65253,2022-07-23 01:24:11 (item: 9972) -> 2022-07-23 01:24:35 (item: 10088.0)
65253,2022-07-23 01:24:35 (item: 10088) -> 2022-07-23 01:24:46 (item: 6342.0)
65410,2022-08-25 11:02:22 (item: 6135) -> 2022-08-25 11:02:40 (item: 1277.0)
65463,2022-07-27 13:49:40 (item: 3072) -> 2022-07-27 13:50:04 (item: 2722.0)
65531,2022-08-15 11:55:19 (item: 6539) -> 2022-08-15 11:55:43 (item: 3260.0)
65581,2022-08-09 04:01:47 (item: 10261) -> 2022-08-09 04:02:16 (item: 15093.0)
65810,2022-08-08 00:57:00 (item: 11610) -> 2022-08-08 00:57:20 (item: 2266.0)
65851,2022-09-10 11:22:57 (item: 6557) -> 2022-09-10 11:23:09 (item: 6181.0)
65859,2022-06-29 02:03:37 (item: 16404) -> 2022-06-29 02:03:55 (item: 5917.0)
65995,2022-08-15 13:25:50 (item: 13193) -> 2022-08-15 13:26:15 (item: 57.0)
66375,2022-09-08 13:06:58 (item: 16808) -> 2022-09-08 13:07:17 (item: 5032.0)
66501,2022-09-11 06:01:17 (item: 5013) -> 2022-09-11 06:01:39 (item: 13515.0)
66533,2022-08-02 13:57:11 (item: 8629) -> 2022-08-02 13:57:29 (item: 17801.0)
66533,2022-08-02 14:04:31 (item: 1192) -> 2022-08-02 14:04:58 (item: 3807.0)
66582,2022-07-16 03:43:16 (item: 6380) -> 2022-07-16 03:43:32 (item: 13384.0)
66585,2022-08-08 16:37:04 (item: 9157) -> 2022-08-08 16:37:30 (item: 11398.0)
66656,2022-09-08 03:34:26 (item: 6362) -> 2022-09-08 03:34:50 (item: 15652.0)
66783,2022-09-03 08:05:58 (item: 4896) -> 2022-09-03 08:06:17 (item: 12640.0)
66866,2022-07-06 02:24:26 (item: 8846) -> 2022-07-06 02:24:49 (item: 15152.0)
66942,2022-08-20 23:45:15 (item: 12363) -> 2022-08-20 23:45:34 (item: 19514.0)
66971,2022-08-25 14:16:45 (item: 14373) -> 2022-08-25 14:17:01 (item: 4273.0)
67036,2022-08-31 00:17:19 (item: 4381) -> 2022-08-31 00:17:43 (item: 14778.0)
67303,2022-05-04 22:29:07 (item: 9648) -> 2022-05-04 22:29:30 (item: 10576.0)
67303,2022-07-31 06:19:37 (item: 12479) -> 2022-07-31 06:19:57 (item: 10084.0)
67303,2022-09-01 02:58:04 (item: 9128) -> 2022-09-01 02:58:27 (item: 19382.0)
67452,2022-09-11 03:19:03 (item: 19537) -> 2022-09-11 03:19:26 (item: 5134.0)
67636,2022-08-06 10:48:26 (item: 5012) -> 2022-08-06 10:48:44 (item: 14464.0)
67693,2022-07-21 22:40:06 (item: 16907) -> 2022-07-21 22:40:27 (item: 4980.0)
67758,2022-07-06 04:56:00 (item: 13320) -> 2022-07-06 04:56:20 (item: 14721.0)
67816,2022-09-09 13:58:30 (item: 15363) -> 2022-09-09 13:58:46 (item: 3614.0)
68084,2022-09-10 09:37:46 (item: 7963) -> 2022-09-10 09:38:16 (item: 19175.0)
68096,2022-08-30 04:35:37 (item: 5712) -> 2022-08-30 04:35:54 (item: 15881.0)
68181,2022-07-10 18:12:32 (item: 5684) -> 2022-07-10 18:12:52 (item: 18094.0)
68196,2022-07-15 00:44:42 (item: 12209) -> 2022-07-15 00:45:06 (item: 7104.0)
68335,2022-08-11 04:16:54 (item: 13297) -> 2022-08-11 04:17:09 (item: 10.0)
68708,2022-08-29 08:45:22 (item: 4994) -> 2022-08-29 08:45:51 (item: 3670.0)
68782,2022-08-16 00:45:01 (item: 3260) -> 2022-08-16 00:45:15 (item: 6539.0)
69025,2022-07-06 00:55:11 (item: 9139) -> 2022-07-06 00:55:37 (item: 16886.0)
69055,2022-07-13 13:08:43 (item: 11642) -> 2022-07-13 13:08:59 (item: 12945.0)
69165,2022-07-15 13:28:43 (item: 13161) -> 2022-07-15 13:29:07 (item: 7524.0)
69449,2022-09-07 02:55:23 (item: 3041) -> 2022-09-07 02:55:44 (item: 17613.0)
69456,2022-07-21 03:43:59 (item: 2612) -> 2022-07-21 03:44:16 (item: 17258.0)
69897,2022-07-24 02:23:31 (item: 10171) -> 2022-07-24 02:23:53 (item: 13952.0)
69986,2022-07-27 00:55:01 (item: 13985) -> 2022-07-27 00:55:11 (item: 4561.0)
69986,2022-07-27 00:55:46 (item: 13914) -> 2022-07-27 00:56:09 (item: 6573.0)
70122,2022-07-05 11:59:23 (item: 13670) -> 2022-07-05 11:59:33 (item: 1627.0)
70512,2022-07-24 02:21:59 (item: 18534) -> 2022-07-24 02:22:14 (item: 4438.0)
70512,2022-07-24 02:22:14 (item: 4438) -> 2022-07-24 02:22:26 (item: 4801.0)
70572,2022-08-15 07:39:04 (item: 11583) -> 2022-08-15 07:39:15 (item: 13696.0)
70626,2022-08-12 08:50:52 (item: 2382) -> 2022-08-12 08:51:08 (item: 10050.0)
70675,2022-07-17 09:54:34 (item: 5634) -> 2022-07-17 09:54:51 (item: 12936.0)
70709,2022-07-30 09:57:30 (item: 8721) -> 2022-07-30 09:57:49 (item: 19207.0)
70752,2022-08-10 23:07:37 (item: 910) -> 2022-08-10 23:08:04 (item: 18148.0)
70912,2022-07-23 15:47:56 (item: 595) -> 2022-07-23 15:48:09 (item: 1152.0)
70956,2022-07-29 17:07:54 (item: 1642) -> 2022-07-29 17:08:07 (item: 6099.0)
71075,2022-08-30 23:56:02 (item: 8925) -> 2022-08-30 23:56:16 (item: 15860.0)
71101,2022-08-05 02:42:58 (item: 13739) -> 2022-08-05 02:43:26 (item: 12103.0)
71222,2022-08-20 07:49:18 (item: 19717) -> 2022-08-20 07:49:39 (item: 9416.0)
71351,2022-06-16 12:12:34 (item: 4045) -> 2022-06-16 12:12:53 (item: 231.0)
71361,2022-07-05 04:55:57 (item: 7804) -> 2022-07-05 04:56:20 (item: 17768.0)
71588,2022-08-14 12:33:21 (item: 12097) -> 2022-08-14 12:33:47 (item: 15305.0)
72056,2022-07-20 16:00:25 (item: 2400) -> 2022-07-20 16:00:39 (item: 8225.0)
72110,2022-08-05 18:13:13 (item: 7220) -> 2022-08-05 18:13:25 (item: 11813.0)
72295,2022-08-16 13:50:56 (item: 11267) -> 2022-08-16 13:51:19 (item: 9319.0)
72723,2022-08-24 10:45:33 (item: 4601) -> 2022-08-24 10:45:59 (item: 11285.0)
72928,2022-06-11 12:49:41 (item: 7487) -> 2022-06-11 12:49:54 (item: 2140.0)
73036,2022-07-19 09:06:23 (item: 11868) -> 2022-07-19 09:06:36 (item: 5430.0)
73107,2022-08-16 08:43:20 (item: 7504) -> 2022-08-16 08:43:42 (item: 15044.0)
73356,2022-07-11 16:31:43 (item: 10908) -> 2022-07-11 16:31:57 (item: 8256.0)
73554,2022-07-02 13:02:03 (item: 9972) -> 2022-07-02 13:02:17 (item: 4030.0)
73653,2022-08-26 11:27:25 (item: 2458) -> 2022-08-26 11:27:37 (item: 3411.0)
73853,2022-08-18 04:32:55 (item: 6453) -> 2022-08-18 04:33:09 (item: 9078.0)
73932,2022-08-18 04:18:26 (item: 13489) -> 2022-08-18 04:18:43 (item: 7520.0)
74006,2022-07-19 07:50:41 (item: 18859) -> 2022-07-19 07:50:59 (item: 16309.0)
74026,2022-08-20 12:56:07 (item: 16924) -> 2022-08-20 12:56:34 (item: 8246.0)
74153,2022-08-08 09:49:58 (item: 12655) -> 2022-08-08 09:50:20 (item: 16006.0)
74317,2022-08-26 06:32:58 (item: 644) -> 2022-08-26 06:33:14 (item: 13739.0)
74461,2022-07-05 22:53:03 (item: 2961) -> 2022-07-05 22:53:24 (item: 6965.0)
74515,2022-08-16 11:12:02 (item: 5844) -> 2022-08-16 11:12:15 (item: 16128.0)
74655,2022-08-21 04:58:16 (item: 6680) -> 2022-08-21 04:58:29 (item: 8018.0)
74671,2022-04-30 02:28:29 (item: 17308) -> 2022-04-30 02:28:52 (item: 17018.0)
74671,2022-06-28 04:17:04 (item: 5653) -> 2022-06-28 04:17:15 (item: 17093.0)
74671,2022-07-09 07:44:42 (item: 12074) -> 2022-07-09 07:44:55 (item: 15688.0)
74671,2022-07-19 10:03:17 (item: 16818) -> 2022-07-19 10:03:38 (item: 6254.0)
74696,2022-08-12 10:37:24 (item: 4838) -> 2022-08-12 10:37:50 (item: 13809.0)
74792,2022-08-28 21:31:21 (item: 18681) -> 2022-08-28 21:31:35 (item: 17671.0)
74793,2022-07-23 14:46:57 (item: 1178) -> 2022-07-23 14:47:13 (item: 2027.0)
74920,2022-04-13 11:30:01 (item: 16650) -> 2022-04-13 11:30:18 (item: 12312.0)
74931,2022-08-27 05:01:02 (item: 7431) -> 2022-08-27 05:01:25 (item: 17452.0)
74984,2022-06-23 12:53:45 (item: 13798) -> 2022-06-23 12:54:13 (item: 10011.0)
75239,2022-05-15 12:56:00 (item: 895) -> 2022-05-15 12:56:13 (item: 12309.0)
75271,2022-04-22 13:34:40 (item: 1488) -> 2022-04-22 13:34:58 (item: 8249.0)
75291,2022-09-09 12:57:54 (item: 19257) -> 2022-09-09 12:58:22 (item: 5816.0)
75291,2022-09-09 12:58:26 (item: 2151) -> 2022-09-09 12:58:37 (item: 10562.0)
75340,2022-06-12 16:59:02 (item: 5433) -> 2022-06-12 16:59:18 (item: 6714.0)
75362,2022-08-21 07:02:57 (item: 18342) -> 2022-08-21 07:03:13 (item: 19270.0)
75447,2022-06-29 15:17:56 (item: 17577) -> 2022-06-29 15:18:22 (item: 7391.0)
75490,2022-08-26 16:29:23 (item: 15882) -> 2022-08-26 16:29:40 (item: 14393.0)
75511,2022-07-16 11:37:18 (item: 4305) -> 2022-07-16 11:37:33 (item: 4519.0)
75539,2022-08-01 07:20:12 (item: 8756) -> 2022-08-01 07:20:24 (item: 3397.0)
75549,2022-06-17 04:03:44 (item: 7898) -> 2022-06-17 04:04:07 (item: 11730.0)
75556,2022-09-03 14:24:56 (item: 4415) -> 2022-09-03 14:25:12 (item: 5349.0)
75556,2022-09-03 14:25:12 (item: 5349) -> 2022-09-03 14:25:39 (item: 13079.0)
75556,2022-09-03 14:28:43 (item: 11866) -> 2022-09-03 14:29:07 (item: 16624.0)
75603,2022-07-05 14:21:02 (item: 16886) -> 2022-07-05 14:21:19 (item: 11984.0)
75616,2022-08-18 04:25:34 (item: 12072) -> 2022-08-18 04:26:02 (item: 13197.0)
75900,2022-08-21 02:01:12 (item: 18143) -> 2022-08-21 02:01:42 (item: 8484.0)
75900,2022-09-10 00:06:20 (item: 11920) -> 2022-09-10 00:06:44 (item: 3614.0)
76029,2022-06-20 11:51:26 (item: 12766) -> 2022-06-20 11:51:48 (item: 17007.0)
76029,2022-08-22 13:38:07 (item: 14536) -> 2022-08-22 13:38:22 (item: 16077.0)
76148,2022-07-10 03:11:12 (item: 12641) -> 2022-07-10 03:11:31 (item: 391.0)
76298,2022-08-15 06:31:46 (item: 3260) -> 2022-08-15 06:31:57 (item: 6539.0)
76362,2022-07-19 01:45:42 (item: 14122) -> 2022-07-19 01:46:04 (item: 7391.0)
76629,2022-08-14 01:17:15 (item: 3429) -> 2022-08-14 01:17:36 (item: 2761.0)
76637,2022-09-09 10:07:00 (item: 8687) -> 2022-09-09 10:07:18 (item: 16920.0)
76882,2022-08-13 12:15:02 (item: 3766) -> 2022-08-13 12:15:28 (item: 2547.0)
76882,2022-09-09 19:36:15 (item: 16616) -> 2022-09-09 19:36:39 (item: 4051.0)
77071,2022-08-12 13:05:01 (item: 6448) -> 2022-08-12 13:05:29 (item: 19540.0)
77318,2022-07-13 10:48:21 (item: 7805) -> 2022-07-13 10:48:32 (item: 9499.0)
77447,2022-09-08 08:30:43 (item: 10187) -> 2022-09-08 08:30:55 (item: 4583.0)
77470,2022-08-11 04:56:04 (item: 10944) -> 2022-08-11 04:56:17 (item: 3987.0)
77470,2022-08-11 04:56:17 (item: 3987) -> 2022-08-11 04:56:39 (item: 2840.0)
77506,2022-08-24 09:48:09 (item: 17049) -> 2022-08-24 09:48:36 (item: 11646.0)
77513,2022-07-02 14:57:28 (item: 10963) -> 2022-07-02 14:57:47 (item: 527.0)
77517,2022-09-11 15:57:26 (item: 13440) -> 2022-09-11 15:57:46 (item: 10517.0)
77953,2022-07-08 03:58:36 (item: 1551) -> 2022-07-08 03:59:04 (item: 10134.0)
77958,2022-07-29 15:37:36 (item: 3385) -> 2022-07-29 15:37:50 (item: 13849.0)
78224,2022-08-19 14:16:15 (item: 12979) -> 2022-08-19 14:16:36 (item: 17733.0)
78248,2022-08-10 10:15:14 (item: 3022) -> 2022-08-10 10:15:26 (item: 4397.0)
78248,2022-08-10 10:15:26 (item: 4397) -> 2022-08-10 10:15:38 (item: 812.0)
78274,2022-08-28 13:55:07 (item: 16077) -> 2022-08-28 13:55:36 (item: 1846.0)
78399,2022-09-02 15:09:31 (item: 8085) -> 2022-09-02 15:09:49 (item: 16675.0)
78924,2022-08-24 12:47:39 (item: 6299) -> 2022-08-24 12:48:00 (item: 6264.0)
78940,2022-07-11 14:29:10 (item: 10246) -> 2022-07-11 14:29:20 (item: 16906.0)
78940,2022-07-11 14:29:20 (item: 16906) -> 2022-07-11 14:29:35 (item: 544.0)
79347,2022-06-14 11:42:21 (item: 528) -> 2022-06-14 11:42:39 (item: 2987.0)
79355,2022-08-08 05:50:03 (item: 15151) -> 2022-08-08 05:50:16 (item: 2347.0)
79433,2022-08-24 15:45:49 (item: 8456) -> 2022-08-24 15:46:14 (item: 5862.0)
79646,2022-08-10 12:51:14 (item: 19385) -> 2022-08-10 12:51:33 (item: 13430.0)
79659,2022-08-28 05:20:38 (item: 18958) -> 2022-08-28 05:20:54 (item: 17735.0)
79709,2022-09-03 03:30:36 (item: 9816) -> 2022-09-03 03:30:47 (item: 2859.0)
79720,2022-08-07 15:02:35 (item: 7831) -> 2022-08-07 15:02:58 (item: 17321.0)
79731,2022-07-23 09:52:18 (item: 14215) -> 2022-07-23 09:52:34 (item: 7753.0)
80093,2022-07-22 08:26:51 (item: 3584) -> 2022-07-22 08:27:11 (item: 11032.0)
80117,2022-08-28 04:13:33 (item: 1846) -> 2022-08-28 04:13:55 (item: 15881.0)
80210,2022-08-03 15:01:26 (item: 1549) -> 2022-08-03 15:01:48 (item: 14464.0)
80326,2022-09-03 10:42:45 (item: 209) -> 2022-09-03 10:42:58 (item: 9322.0)
80623,2022-09-10 16:01:10 (item: 13605) -> 2022-09-10 16:01:23 (item: 1639.0)
80777,2022-07-31 06:06:38 (item: 1926) -> 2022-07-31 06:06:56 (item: 12818.0)
80870,2022-06-25 00:45:00 (item: 15109) -> 2022-06-25 00:45:13 (item: 2184.0)
80870,2022-08-11 13:05:57 (item: 3743) -> 2022-08-11 13:06:12 (item: 12651.0)
81056,2022-08-23 07:12:10 (item: 14007) -> 2022-08-23 07:12:38 (item: 1751.0)
81132,2022-08-31 12:41:06 (item: 1846) -> 2022-08-31 12:41:28 (item: 13568.0)
81335,2022-09-01 00:54:09 (item: 2267) -> 2022-09-01 00:54:24 (item: 6216.0)
81363,2022-09-05 23:42:57 (item: 12809) -> 2022-09-05 23:43:19 (item: 13776.0)
81433,2022-08-15 23:22:44 (item: 6539) -> 2022-08-15 23:23:04 (item: 3260.0)
81433,2022-08-26 02:34:02 (item: 13568) -> 2022-08-26 02:34:17 (item: 11584.0)
81505,2022-08-12 23:52:24 (item: 10674) -> 2022-08-12 23:52:51 (item: 10277.0)
81556,2022-07-28 01:16:48 (item: 2676) -> 2022-07-28 01:17:11 (item: 12400.0)
81556,2022-08-07 05:43:39 (item: 3357) -> 2022-08-07 05:43:52 (item: 5917.0)
81583,2022-09-10 18:06:06 (item: 1743) -> 2022-09-10 18:06:17 (item: 12184.0)
82021,2022-08-02 02:27:26 (item: 6352) -> 2022-08-02 02:27:43 (item: 1746.0)
82059,2022-08-05 16:51:54 (item: 4394) -> 2022-08-05 16:52:07 (item: 15352.0)
82190,2022-07-02 06:40:43 (item: 520) -> 2022-07-02 06:41:06 (item: 495.0)
82515,2022-07-06 05:17:41 (item: 18682) -> 2022-07-06 05:18:01 (item: 1170.0)
82576,2022-08-28 06:51:49 (item: 8058) -> 2022-08-28 06:52:12 (item: 18489.0)
82624,2022-08-09 17:20:09 (item: 17041) -> 2022-08-09 17:20:30 (item: 971.0)
82692,2022-06-30 09:47:28 (item: 15066) -> 2022-06-30 09:47:48 (item: 10437.0)
82729,2022-07-20 16:27:50 (item: 1443) -> 2022-07-20 16:28:03 (item: 10332.0)
83064,2022-08-13 06:02:11 (item: 7866) -> 2022-08-13 06:02:35 (item: 11351.0)
83191,2022-07-28 15:57:23 (item: 12184) -> 2022-07-28 15:57:38 (item: 18579.0)
83230,2022-08-21 20:24:20 (item: 11321) -> 2022-08-21 20:24:45 (item: 8959.0)
83364,2022-09-11 06:21:50 (item: 11576) -> 2022-09-11 06:22:06 (item: 11924.0)
83456,2022-08-17 01:00:12 (item: 2285) -> 2022-08-17 01:00:32 (item: 10530.0)
83659,2022-07-27 18:24:18 (item: 12184) -> 2022-07-27 18:24:32 (item: 18579.0)
83726,2022-07-09 01:40:38 (item: 7409) -> 2022-07-09 01:40:50 (item: 5478.0)
83742,2022-08-28 12:25:06 (item: 10187) -> 2022-08-28 12:25:21 (item: 4583.0)
83743,2022-07-18 12:57:07 (item: 11813) -> 2022-07-18 12:57:19 (item: 7220.0)
83764,2022-07-21 06:24:35 (item: 5665) -> 2022-07-21 06:24:54 (item: 10767.0)
83790,2022-09-03 17:04:36 (item: 3600) -> 2022-09-03 17:04:52 (item: 1901.0)
83862,2022-07-05 04:10:46 (item: 11984) -> 2022-07-05 04:10:57 (item: 13296.0)
83862,2022-08-15 12:28:03 (item: 6539) -> 2022-08-15 12:28:15 (item: 3260.0)
83952,2022-08-08 14:12:53 (item: 6581) -> 2022-08-08 14:13:17 (item: 13634.0)
83980,2022-08-31 13:21:45 (item: 11205) -> 2022-08-31 13:22:09 (item: 7902.0)
84076,2022-06-29 08:26:56 (item: 17383) -> 2022-06-29 08:27:24 (item: 12352.0)
84521,2022-08-26 01:13:15 (item: 6036) -> 2022-08-26 01:13:34 (item: 18785.0)
84559,2022-07-24 10:43:17 (item: 11683) -> 2022-07-24 10:43:35 (item: 16199.0)
84614,2022-08-20 13:16:31 (item: 9954) -> 2022-08-20 13:16:49 (item: 18.0)
84673,2022-07-03 15:14:35 (item: 10088) -> 2022-07-03 15:15:03 (item: 9972.0)
84673,2022-07-03 15:15:03 (item: 9972) -> 2022-07-03 15:15:17 (item: 4030.0)
84673,2022-07-03 15:37:14 (item: 15122) -> 2022-07-03 15:37:41 (item: 1424.0)
84919,2022-07-23 13:48:06 (item: 18910) -> 2022-07-23 13:48:26 (item: 12484.0)
85060,2022-09-10 12:10:22 (item: 7436) -> 2022-09-10 12:10:39 (item: 2371.0)
85248,2022-06-29 00:53:33 (item: 16922) -> 2022-06-29 00:53:53 (item: 11444.0)
85258,2022-08-06 11:28:17 (item: 17959) -> 2022-08-06 11:28:37 (item: 18361.0)
85301,2022-09-04 01:45:22 (item: 10686) -> 2022-09-04 01:45:51 (item: 16120.0)
85322,2022-07-12 23:04:46 (item: 16944) -> 2022-07-12 23:05:05 (item: 15253.0)
85417,2022-07-12 06:23:37 (item: 3080) -> 2022-07-12 06:23:49 (item: 18970.0)
85717,2022-08-13 05:26:02 (item: 8246) -> 2022-08-13 05:26:30 (item: 8072.0)
85802,2022-05-13 13:02:36 (item: 13632) -> 2022-05-13 13:02:56 (item: 86.0)
85957,2022-08-20 00:03:40 (item: 17456) -> 2022-08-20 00:03:50 (item: 9512.0)
85990,2022-08-29 00:41:09 (item: 16326) -> 2022-08-29 00:41:30 (item: 12024.0)
86165,2022-06-27 03:15:20 (item: 2161) -> 2022-06-27 03:15:39 (item: 11423.0)
86173,2022-07-26 11:27:51 (item: 415) -> 2022-07-26 11:28:15 (item: 5874.0)
86319,2022-09-09 12:47:35 (item: 19188) -> 2022-09-09 12:48:01 (item: 6275.0)
86338,2022-07-01 03:05:30 (item: 9311) -> 2022-07-01 03:05:41 (item: 11430.0)
86444,2022-07-31 01:33:23 (item: 8494) -> 2022-07-31 01:33:38 (item: 12697.0)
86444,2022-07-31 01:33:38 (item: 12697) -> 2022-07-31 01:34:06 (item: 12805.0)
86624,2022-09-11 09:53:46 (item: 387) -> 2022-09-11 09:53:59 (item: 9199.0)
86811,2022-08-10 13:07:48 (item: 17959) -> 2022-08-10 13:08:08 (item: 13072.0)
86836,2022-08-20 02:28:43 (item: 4123) -> 2022-08-20 02:28:55 (item: 17067.0)
86930,2022-06-30 00:09:29 (item: 4845) -> 2022-06-30 00:09:47 (item: 8376.0)
86930,2022-06-30 00:10:36 (item: 11333) -> 2022-06-30 00:10:46 (item: 18687.0)
86930,2022-06-30 00:10:46 (item: 18687) -> 2022-06-30 00:11:03 (item: 15780.0)
86986,2022-06-18 16:03:38 (item: 8059) -> 2022-06-18 16:04:04 (item: 5979.0)
86998,2022-08-30 15:59:39 (item: 14453) -> 2022-08-30 16:00:02 (item: 18435.0)
87234,2022-09-10 14:39:17 (item: 16794) -> 2022-09-10 14:39:38 (item: 16993.0)
87267,2022-08-13 12:16:06 (item: 9101) -> 2022-08-13 12:16:35 (item: 5656.0)
87573,2022-05-14 00:13:08 (item: 1086) -> 2022-05-14 00:13:22 (item: 13010.0)
87667,2022-09-03 07:24:26 (item: 351) -> 2022-09-03 07:24:51 (item: 9583.0)
87669,2022-08-10 13:14:01 (item: 6785) -> 2022-08-10 13:14:24 (item: 19295.0)
87829,2022-08-16 15:21:23 (item: 3260) -> 2022-08-16 15:21:48 (item: 16255.0)
87871,2022-08-19 00:04:45 (item: 6265) -> 2022-08-19 00:05:02 (item: 2567.0)
87871,2022-08-19 00:05:02 (item: 2567) -> 2022-08-19 00:05:13 (item: 16128.0)
87871,2022-08-19 00:05:13 (item: 16128) -> 2022-08-19 00:05:30 (item: 5410.0)
87873,2022-08-15 05:27:30 (item: 6539) -> 2022-08-15 05:27:48 (item: 3260.0)
87968,2022-07-06 02:20:51 (item: 9139) -> 2022-07-06 02:21:20 (item: 13296.0)
88074,2022-09-07 15:46:45 (item: 12495) -> 2022-09-07 15:47:07 (item: 4882.0)
88335,2022-07-30 04:02:47 (item: 9091) -> 2022-07-30 04:02:58 (item: 17890.0)
88357,2022-08-01 15:59:30 (item: 12076) -> 2022-08-01 15:59:50 (item: 1781.0)
88374,2022-04-22 10:38:50 (item: 16992) -> 2022-04-22 10:39:15 (item: 10543.0)
88480,2022-08-02 13:58:20 (item: 17999) -> 2022-08-02 13:58:34 (item: 19656.0)
88492,2022-08-09 16:42:59 (item: 6603) -> 2022-08-09 16:43:16 (item: 14086.0)
88612,2022-08-03 09:03:28 (item: 10974) -> 2022-08-03 09:03:42 (item: 6649.0)
89097,2022-08-29 15:39:54 (item: 10167) -> 2022-08-29 15:40:20 (item: 5962.0)
89135,2022-08-20 10:01:06 (item: 16981) -> 2022-08-20 10:01:28 (item: 17122.0)
89276,2022-09-04 08:36:57 (item: 4684) -> 2022-09-04 08:37:24 (item: 16377.0)
89322,2022-07-19 04:58:12 (item: 16805) -> 2022-07-19 04:58:27 (item: 6820.0)
89689,2022-08-03 14:49:56 (item: 11434) -> 2022-08-03 14:50:18 (item: 1589.0)
89809,2022-08-29 11:15:53 (item: 7607) -> 2022-08-29 11:16:04 (item: 5962.0)
89911,2022-07-02 14:00:45 (item: 4561) -> 2022-07-02 14:00:58 (item: 13914.0)
89914,2022-08-12 02:53:54 (item: 3022) -> 2022-08-12 02:54:07 (item: 4397.0)
89914,2022-08-12 02:54:07 (item: 4397) -> 2022-08-12 02:54:24 (item: 812.0)
89914,2022-08-12 02:55:39 (item: 2923) -> 2022-08-12 02:55:50 (item: 18830.0)
90034,2022-09-01 09:20:58 (item: 7607) -> 2022-09-01 09:21:21 (item: 13232.0)
90066,2022-07-14 04:05:00 (item: 13384) -> 2022-07-14 04:05:12 (item: 6380.0)
90068,2022-08-15 18:05:37 (item: 2984) -> 2022-08-15 18:06:06 (item: 5356.0)
90684,2022-06-04 05:05:24 (item: 1178) -> 2022-06-04 05:05:53 (item: 6344.0)
90961,2022-07-10 14:00:45 (item: 11278) -> 2022-07-10 14:01:02 (item: 522.0)
91073,2022-07-26 15:40:45 (item: 13161) -> 2022-07-26 15:40:58 (item: 18821.0)
91073,2022-07-26 15:40:58 (item: 18821) -> 2022-07-26 15:41:25 (item: 13753.0)
91090,2022-09-01 14:25:05 (item: 6300) -> 2022-09-01 14:25:21 (item: 18730.0)
91090,2022-09-01 14:25:21 (item: 18730) -> 2022-09-01 14:25:37 (item: 14259.0)
91101,2022-09-01 09:35:56 (item: 8118) -> 2022-09-01 09:36:14 (item: 10291.0)
91199,2022-07-15 04:34:01 (item: 3866) -> 2022-07-15 04:34:28 (item: 13323.0)
91299,2022-06-11 13:05:10 (item: 7448) -> 2022-06-11 13:05:24 (item: 3137.0)
91525,2022-07-13 14:15:47 (item: 16944) -> 2022-07-13 14:16:14 (item: 15253.0)
91700,2022-08-19 23:31:32 (item: 19319) -> 2022-08-19 23:32:02 (item: 13690.0)
92018,2022-07-31 17:07:15 (item: 13447) -> 2022-07-31 17:07:30 (item: 15312.0)
92138,2022-09-12 11:17:49 (item: 3614) -> 2022-09-12 11:18:06 (item: 776.0)
92268,2022-08-13 12:15:45 (item: 17518) -> 2022-08-13 12:16:04 (item: 17829.0)
92465,2022-07-18 13:53:07 (item: 9997) -> 2022-07-18 13:53:21 (item: 7747.0)
92693,2022-08-22 15:52:27 (item: 9476) -> 2022-08-22 15:52:40 (item: 13524.0)
92765,2022-06-19 14:30:57 (item: 7394) -> 2022-06-19 14:31:10 (item: 18918.0)
93481,2022-08-11 13:58:24 (item: 10308) -> 2022-08-11 13:58:36 (item: 17636.0)
93540,2022-07-12 06:12:18 (item: 12680) -> 2022-07-12 06:12:29 (item: 11808.0)
93561,2022-08-27 00:23:29 (item: 8938) -> 2022-08-27 00:23:51 (item: 421.0)
93561,2022-08-27 00:23:51 (item: 421) -> 2022-08-27 00:24:06 (item: 16057.0)
93561,2022-08-27 00:27:46 (item: 2053) -> 2022-08-27 00:28:06 (item: 13175.0)
93571,2022-09-08 09:15:45 (item: 11484) -> 2022-09-08 09:16:10 (item: 8882.0)
93792,2022-08-13 02:56:53 (item: 16128) -> 2022-08-13 02:57:17 (item: 2567.0)
93879,2022-08-09 05:23:16 (item: 6226) -> 2022-08-09 05:23:41 (item: 7858.0)
94154,2022-08-10 12:44:03 (item: 17343) -> 2022-08-10 12:44:28 (item: 308.0)
94164,2022-08-21 15:59:15 (item: 14809) -> 2022-08-21 15:59:39 (item: 11385.0)
94247,2022-08-25 03:55:02 (item: 19688) -> 2022-08-25 03:55:24 (item: 11615.0)
94470,2022-06-19 09:22:39 (item: 8115) -> 2022-06-19 09:22:56 (item: 1484.0)
94676,2022-08-07 10:03:45 (item: 16981) -> 2022-08-07 10:04:10 (item: 18143.0)
94803,2022-09-05 16:26:15 (item: 3293) -> 2022-09-05 16:26:30 (item: 19188.0)
94864,2022-07-29 05:29:41 (item: 5531) -> 2022-07-29 05:30:01 (item: 9425.0)
94915,2022-08-07 17:03:37 (item: 1666) -> 2022-08-07 17:03:51 (item: 5678.0)
94958,2022-08-19 14:43:01 (item: 17456) -> 2022-08-19 14:43:26 (item: 9512.0)
95406,2022-08-03 14:49:09 (item: 8422) -> 2022-08-03 14:49:30 (item: 8610.0)
95411,2022-08-23 09:13:32 (item: 4798) -> 2022-08-23 09:13:50 (item: 17436.0)
95439,2022-06-17 02:41:32 (item: 1699) -> 2022-06-17 02:42:02 (item: 34.0)
95480,2022-09-02 10:19:51 (item: 9583) -> 2022-09-02 10:20:09 (item: 12389.0)
95675,2022-07-26 17:37:23 (item: 8446) -> 2022-07-26 17:37:33 (item: 2111.0)
95721,2022-08-03 06:32:38 (item: 1977) -> 2022-08-03 06:33:00 (item: 12374.0)
95983,2022-07-18 15:16:55 (item: 3658) -> 2022-07-18 15:17:15 (item: 9491.0)
96166,2022-08-21 15:32:51 (item: 9305) -> 2022-08-21 15:33:12 (item: 307.0)
96191,2022-07-19 08:03:06 (item: 7328) -> 2022-07-19 08:03:33 (item: 15743.0)
96223,2022-07-28 18:16:48 (item: 9517) -> 2022-07-28 18:17:14 (item: 17041.0)
96257,2022-08-04 09:47:47 (item: 17174) -> 2022-08-04 09:48:06 (item: 4836.0)
96429,2022-08-09 02:02:11 (item: 8916) -> 2022-08-09 02:02:21 (item: 19529.0)
96508,2022-09-04 02:30:47 (item: 5388) -> 2022-09-04 02:31:09 (item: 11148.0)
96573,2022-07-07 11:13:04 (item: 11796) -> 2022-07-07 11:13:26 (item: 18808.0)
96591,2022-09-02 16:27:07 (item: 11585) -> 2022-09-02 16:27:20 (item: 12710.0)
96591,2022-09-02 16:27:20 (item: 12710) -> 2022-09-02 16:27:36 (item: 9058.0)
96642,2022-09-03 14:06:51 (item: 1333) -> 2022-09-03 14:07:15 (item: 10798.0)
96642,2022-09-03 14:07:15 (item: 10798) -> 2022-09-03 14:07:33 (item: 1036.0)
96803,2022-07-25 09:52:39 (item: 524) -> 2022-07-25 09:53:04 (item: 10018.0)
96835,2022-09-10 06:59:29 (item: 8118) -> 2022-09-10 06:59:46 (item: 15372.0)
96866,2022-09-07 03:10:09 (item: 8386) -> 2022-09-07 03:10:29 (item: 1363.0)
96874,2022-08-19 03:07:14 (item: 13193) -> 2022-08-19 03:07:41 (item: 13358.0)
96874,2022-09-04 10:54:52 (item: 9128) -> 2022-09-04 10:55:03 (item: 11437.0)
96874,2022-09-08 12:09:58 (item: 12327) -> 2022-09-08 12:10:09 (item: 6736.0)
97077,2022-06-13 14:41:43 (item: 8541) -> 2022-06-13 14:42:06 (item: 3736.0)
97563,2022-09-09 07:51:04 (item: 17178) -> 2022-09-09 07:51:25 (item: 7546.0)
97759,2022-08-30 14:02:53 (item: 13045) -> 2022-08-30 14:03:21 (item: 10816.0)
97949,2022-07-25 01:03:19 (item: 12184) -> 2022-07-25 01:03:48 (item: 5144.0)
98059,2022-08-06 09:35:54 (item: 3385) -> 2022-08-06 09:36:21 (item: 18658.0)
98079,2022-08-24 02:12:06 (item: 17463) -> 2022-08-24 02:12:26 (item: 18787.0)
98304,2022-07-23 14:13:19 (item: 180) -> 2022-07-23 14:13:41 (item: 17210.0)
98328,2022-09-09 00:19:07 (item: 5128) -> 2022-09-09 00:19:18 (item: 7649.0)
98541,2022-08-16 00:38:13 (item: 3260) -> 2022-08-16 00:38:32 (item: 6539.0)
98656,2022-08-20 11:51:40 (item: 6539) -> 2022-08-20 11:52:01 (item: 57.0)
98656,2022-08-31 05:19:33 (item: 13232) -> 2022-08-31 05:20:02 (item: 1846.0)
98752,2022-07-27 09:50:53 (item: 9895) -> 2022-07-27 09:51:07 (item: 104.0)
98765,2022-09-03 11:22:10 (item: 17438) -> 2022-09-03 11:22:20 (item: 5925.0)
99355,2022-08-06 13:44:46 (item: 11477) -> 2022-08-06 13:45:06 (item: 510.0)
99512,2022-06-19 09:55:47 (item: 3396) -> 2022-06-19 09:55:58 (item: 15659.0)
99611,2022-08-14 00:15:16 (item: 19003) -> 2022-08-14 00:15:31 (item: 13915.0)
99711,2022-05-23 18:01:31 (item: 1115) -> 2022-05-23 18:01:50 (item: 673.0)
99733,2022-08-28 09:44:47 (item: 14124) -> 2022-08-28 09:45:01 (item: 3535.0)
99942,2022-08-26 11:55:13 (item: 12596) -> 2022-08-26 11:55:41 (item: 12092.0)
99942,2022-08-29 17:30:35 (item: 2965) -> 2022-08-29 17:31:00 (item: 3644.0)
99953,2022-08-17 02:06:12 (item: 6470) -> 2022-08-17 02:06:40 (item: 950.0)
99999,2022-07-26 07:51:10 (item: 16624) -> 2022-07-26 07:51:38 (item: 11866.0)
